municipio_id,municipio_nombre,establecimiento_id,establecimiento_nombre,region_educativa,clave,cueanexo,modalidad,nivel,direccion,telefono,rpv,email,sector,dependencia,tipo_organizacion,area,ambito,desfavorabilidad,subvencion,sede_axo_ext,categoria,depend_func,cui,periodo,matricula,varones,mujeres,secciones,turnos,cue,anexo,nro_escuela,latitud,longitud
06441,La Plata,1,ESCUELA DE DANZAS CLASICAS Nº3,Región 1,0001AD0003,61060000,Educación Artística,Ciclo Medio,54 E/ 7 Y 8 - 628,221-482-2571,,danzasclasicas3laplata@abc.gob.ar,Estatal,Oficial,ESCUELA DE DANZAS CLÁSICAS,INTERIOR,Urbano,0,Oficial,SEDE,Primera,Dirección de Educación Artística,600100011,Inicial 2026,230,15,215,15,"MAÑANA,TARDE,VESPERTINO",610600,0,3,-34.917432490313374,-57.94760623593251
06441,La Plata,1,ESCUELA DE DANZAS CLASICAS Nº3,Región 1,0001AD0003,61060000,Educación Artística,Nivel Superior,54 E/ 7 Y 8 - 628,221-482-2571,,danzasclasicas3laplata@abc.gob.ar,Estatal,Oficial,ESCUELA DE DANZAS CLÁSICAS,INTERIOR,Urbano,0,Oficial,SEDE,Primera,Dirección de Educación Artística,600100011,Inicial 2026,205,8,197,20,"MAÑANA,TARDE,VESPERTINO",610600,0,3,-34.917432490313374,-57.94760623593251
06441,La Plata,1,ESCUELA DE DANZAS CLASICAS Nº3,Región 1,0001AD0003,61060000,Educación Artística,Ciclo de Iniciación,54 E/ 7 Y 8 - 628,221-482-2571,,danzasclasicas3laplata@abc.gob.ar,Estatal,Oficial,ESCUELA DE DANZAS CLÁSICAS,INTERIOR,Urbano,0,Oficial,SEDE,Primera,Dirección de Educación Artística,600100011,Inicial 2026,180,1,179,14,"MAÑANA,TARDE,VESPERTINO",610600,0,3,-34.917432490313374,-57.94760623593251
06441,La Plata,2,"ESCUELA DE EDUCACIÓN ARTÍSTICA Nº1 ""MARÍA INÉS ZUCCARELLI""",Región 1,0001AE0001,61498400,Educación Artística,Cursos y Talleres,45 - 743,221-482-2300,21216,estetica1laplata@abc.gob.ar,Estatal,Oficial,ESCUELA DE EDUCACIÓN ARTÍSTICA,INTERIOR,Urbano,0,Oficial,SEDE,Primera,Dirección de Educación Artística,600100024,Inicial 2026,1455,624,831,72,"MAÑANA,TARDE,VESPERTINO",614984,0,1,-34.91404098949632,-57.95703621484303
06441,La Plata,3,ESCUELA DE EDUCACIÓN ARTÍSTICA Nº2,Región 1,0001AE0002,61498500,Educación Artística,Cursos y Talleres,76 - RELOCALIZADOS EN EL ISFDYT N° 12 - S/N,221-417-7438,21448,estetica2laplata@abc.gob.ar,Estatal,Oficial,ESCUELA DE EDUCACIÓN ARTÍSTICA,INTERIOR,Urbano,0,Oficial,SEDE,Primera,Dirección de Educación Artística,600100030,Inicial 2026,916,424,492,49,"MAÑANA,TARDE,VESPERTINO",614985,0,2,-34.934051978843904,-57.92425791547498
06441,La Plata,7,"CONSERVATORIO DE MÚSICA ""GILARDO-GILARDI""",Región 1,0001AM0001,60794600,Educación Artística,Nivel Superior,CAMINO GENERAL BELGRANO Y 523 - S/N,221-421-4500,21244,conservatoriolaplata@abc.gob.ar,Estatal,Oficial,CONSERVATORIO DE MÚSICA,INTERIOR,Urbano,0,Oficial,SEDE,Primera,Dirección de Educación Artística,600100053,Inicial 2026,221,106,115,5,"MAÑANA,TARDE,VESPERTINO",607946,0,1,-34.89811091410331,-57.98505636856925
06441,La Plata,7,"CONSERVATORIO DE MÚSICA ""GILARDO-GILARDI""",Región 1,0001AM0001,60794600,Educación Artística,Ciclo Medio,CAMINO GENERAL BELGRANO Y 523 - S/N,221-421-4500,21244,conservatoriolaplata@abc.gob.ar,Estatal,Oficial,CONSERVATORIO DE MÚSICA,INTERIOR,Urbano,0,Oficial,SEDE,Primera,Dirección de Educación Artística,600100053,Inicial 2026,650,312,338,22,"MAÑANA,TARDE,VESPERTINO",607946,0,1,-34.89811091410331,-57.98505636856925
06441,La Plata,7,"CONSERVATORIO DE MÚSICA ""GILARDO-GILARDI""",Región 1,0001AM0001,60794600,Educación Artística,Ciclo de Iniciación,CAMINO GENERAL BELGRANO Y 523 - S/N,221-421-4500,21244,conservatoriolaplata@abc.gob.ar,Estatal,Oficial,CONSERVATORIO DE MÚSICA,INTERIOR,Urbano,0,Oficial,SEDE,Primera,Dirección de Educación Artística,600100053,Inicial 2026,419,196,223,16,"MAÑANA,TARDE,VESPERTINO",607946,0,1,-34.89811091410331,-57.98505636856925
06441,La Plata,8,ESCUELA DE TEATRO LA PLATA,Región 1,0001AT0004,61288400,Educación Artística,Ciclo Medio,AV. 51 - 419,221-482-1647,21236,escueladeteatrolaplata@abc.gob.ar,Estatal,Oficial,ESCUELA DE TEATRO,INTERIOR,Urbano,0,Oficial,SEDE,Primera,Dirección de Educación Artística,600100069,Inicial 2026,49,8,41,3,"MAÑANA,NOCHE,TARDE",612884,0,4,-34.911834251046024,-57.94550771290402
06441,La Plata,8,ESCUELA DE TEATRO LA PLATA,Región 1,0001AT0004,61288400,Educación Artística,Nivel Superior,AV. 51 - 419,221-482-1647,21236,escueladeteatrolaplata@abc.gob.ar,Estatal,Oficial,ESCUELA DE TEATRO,INTERIOR,Urbano,0,Oficial,SEDE,Primera,Dirección de Educación Artística,600100069,Inicial 2026,425,99,326,28,"MAÑANA,NOCHE,TARDE",612884,0,4,-34.911834251046024,-57.94550771290402
06441,La Plata,8,ESCUELA DE TEATRO LA PLATA,Región 1,0001AT0004,61288400,Educación Artística,Ciclo de Iniciación,AV. 51 - 419,221-482-1647,21236,escueladeteatrolaplata@abc.gob.ar,Estatal,Oficial,ESCUELA DE TEATRO,INTERIOR,Urbano,0,Oficial,SEDE,Primera,Dirección de Educación Artística,600100069,Inicial 2026,65,8,57,3,"MAÑANA,NOCHE,TARDE",612884,0,4,-34.911834251046024,-57.94550771290402
06441,La Plata,9,"ESCUELA DE DANZAS TRADICIONALES ARGENTINAS ""JOSÉ HERNANDEZ""",Región 1,0001AZ0002,61455400,Educación Artística,Nivel Superior,17 E/ 40 Y 41 - 434,221-424-2940,21116,danzastradicionaleslaplata@abc.gob.ar,Estatal,Oficial,ESCUELA DE DANZAS TRADICIONALES,INTERIOR,Urbano,0,Oficial,SEDE,Segunda,Dirección de Educación Artística,600100076,Inicial 2026,394,133,261,20,"MAÑANA,TARDE,VESPERTINO",614554,0,2,-34.9171036399521,-57.96929946351896
06441,La Plata,10,"CENTRO DE EDUCACIÓN DE ADULTOS Nº 705/12 ""CORONEL MANUEL DORREGO""",Región 1,0001DC0705,60897901,Educación de Jóvenes y Adultos,Nivel Primario,511 Y CAMINO CENTENARIO - S/N,221-422-4898,,griselda.lezcano@hotmail.com,Estatal,Oficial,CENTRO DE EDUCACIÓN PRIMARIA DE ADULTOS,INTERIOR,Urbano,0,Oficial,EXTENSION,S/Datos,"Dirección de Educación de Jóvenes, Adultos y Adultos Mayores",600100228,Inicial 2026,45,28,17,3,"TARDE,VESPERTINO",608979,1,705,-34.88878030576318,-57.99796676324977
06441,La Plata,11,"CENTRO DE EDUCACIÓN DE ADULTOS Nº 707/10 ""ADOLFO SENEL""",Región 1,0001DC0707,60291402,Educación de Jóvenes y Adultos,Nivel Primario,409 - 3302,221-421-1616,,princce2010@hotmail.com.ar,Estatal,Oficial,CENTRO DE EDUCACIÓN PRIMARIA DE ADULTOS,INTERIOR,Urbano,0,Oficial,EXTENSION,S/Datos,"Dirección de Educación de Jóvenes, Adultos y Adultos Mayores",600105686,Inicial 2026,28,12,16,2,TARDE,602914,2,707,-34.87230482915734,-58.11693395151664
06441,La Plata,13,"CENTRO DE EDUCACIÓN DE ADULTOS Nº 711/10 ""SOLDADO DE LA INDEPENDENCIA""",Región 1,0001DC0711,60291401,Educación de Jóvenes y Adultos,Nivel Primario,63 Y 22 - S/N,221-451-0607,,princce2010@hotmail.com.ar,Estatal,Oficial,CENTRO DE EDUCACIÓN PRIMARIA DE ADULTOS,INTERIOR,Urbano,0,Oficial,EXTENSION,S/Datos,"Dirección de Educación de Jóvenes, Adultos y Adultos Mayores",600100244,Inicial 2026,40,7,33,4,"TARDE,VESPERTINO",602914,1,711,-34.93746840912202,-57.953269532163674
06441,La Plata,14,"CENTRO DE ADULTOS Nº714 ""FRANCISCO BRUNET""",Región 1,0001DC0714,61206000,Educación de Jóvenes y Adultos,Nivel Primario,208 Y 518 - S/N,221-49-1660,,eleovelez@gmail.com,Estatal,Oficial,CENTRO DE EDUCACIÓN PRIMARIA DE ADULTOS,INTERIOR,Urbano,0,Oficial,SEDE,S/Datos,"Dirección de Educación de Jóvenes, Adultos y Adultos Mayores",600100259,Inicial 2026,47,19,28,5,"MAÑANA,TARDE,VESPERTINO",612060,0,714,-34.984366321446025,-58.088904451274864
06441,La Plata,15,CENTRO DE EDUCACIÓN DE ADULTOS Nº 715/03,Región 1,0001DC0715,61138901,Educación de Jóvenes y Adultos,Nivel Primario,140 E/ 50 Y 49 - S/N,221-479-0682,27294,epa703laplata@abc.gob.ar,Estatal,Oficial,CENTRO DE EDUCACIÓN PRIMARIA DE ADULTOS,INTERIOR,Urbano,0,Oficial,EXTENSION,S/Datos,"Dirección de Educación de Jóvenes, Adultos y Adultos Mayores",600100263,Inicial 2026,15,7,8,1,VESPERTINO,611389,1,715,-34.94571650950588,-57.98438223484629
06441,La Plata,16,CENTRO DE EDUCACIÓN DE ADULTOS Nº 716/13,Región 1,0001DC0716,60911501,Educación de Jóvenes y Adultos,Nivel Primario,4 E/611 Y 612 - S/N,221-486-2815,,epa713laplata@abc.gob.ar,Estatal,Oficial,CENTRO DE EDUCACIÓN PRIMARIA DE ADULTOS,INTERIOR,Urbano,0,Oficial,EXTENSION,S/Datos,"Dirección de Educación de Jóvenes, Adultos y Adultos Mayores",600100271,Inicial 2026,32,10,22,2,"TARDE,VESPERTINO",609115,1,716,-34.9539091040174,-57.88724585000833
06441,La Plata,17,CENTRO DE EDUCACIÓN DE ADULTOS Nº 720/13,Región 1,0001DC0720,60911502,Educación de Jóvenes y Adultos,Nivel Primario,23 ESQ.76 - S/N,221-457-8602,,epa713laplata@abc.gob.ar,Estatal,Oficial,CENTRO DE EDUCACIÓN PRIMARIA DE ADULTOS,INTERIOR,Urbano,0,Oficial,EXTENSION,S/Datos,"Dirección de Educación de Jóvenes, Adultos y Adultos Mayores",600100285,Inicial 2026,28,1,27,2,MAÑANA,609115,2,720,-34.94957576750375,-57.940139922212964
06441,La Plata,18,CENTRO DE EDUCACIÓN DE ADULTOS Nº 722/06,Región 1,0001DC0722,61313801,Educación de Jóvenes y Adultos,Nivel Primario,142 E/70 Y 71 - S/N,221-456-3295,21370,epa706laplata@abc.gob.ar,Estatal,Oficial,CENTRO DE EDUCACIÓN PRIMARIA DE ADULTOS,INTERIOR,Urbano,0,Oficial,EXTENSION,S/Datos,"Dirección de Educación de Jóvenes, Adultos y Adultos Mayores",600100292,Inicial 2026,43,9,34,3,"TARDE,VESPERTINO",613138,1,722,-34.96297865443772,-57.966265242940366
06441,La Plata,19,CENTRO DE EDUCACIÓN DE ADULTOS Nº 723/06,Región 1,0001DC0723,61313802,Educación de Jóvenes y Adultos,Nivel Primario,197 E/ 46 Y 47 - S/N,221-496-1022,21399,odc0010723@abc.gov.ar,Estatal,Oficial,CENTRO DE EDUCACIÓN PRIMARIA DE ADULTOS,INTERIOR,Urbano,0,Oficial,EXTENSION,S/Datos,"Dirección de Educación de Jóvenes, Adultos y Adultos Mayores",600100302,Inicial 2026,76,16,60,6,"TARDE,VESPERTINO",613138,2,723,-34.99766643655389,-58.04566609051257
06441,La Plata,20,CENTRO DE ADULTOS Nº725,Región 1,0001DC0725,60288400,Educación de Jóvenes y Adultos,Nivel Primario,173 Y 517 - 1111,221-478-0015,,santiagocornejo301@hotmail.com,Estatal,Oficial,CENTRO DE EDUCACIÓN PRIMARIA DE ADULTOS,INTERIOR,Urbano,1,Oficial,SEDE,S/Datos,"Dirección de Educación de Jóvenes, Adultos y Adultos Mayores",600100318,Inicial 2026,126,47,79,10,"NOCHE,TARDE,VESPERTINO",602884,0,725,-34.95040731332901,-58.05433817830476
06441,La Plata,21,CENTRO DE ADULTOS Nº726,Región 1,0001DC0726,60051200,Educación de Jóvenes y Adultos,Nivel Primario,132 BIS EN/ 484 Y 485 - S/N,221-538-3370,,equipo726@gmail.com,Estatal,Oficial,CENTRO DE EDUCACIÓN PRIMARIA DE ADULTOS,INTERIOR,Urbano,1,Oficial,SEDE,S/Datos,"Dirección de Educación de Jóvenes, Adultos y Adultos Mayores",600100325,Inicial 2026,128,25,103,10,"MAÑANA,TARDE,VESPERTINO",600512,0,726,-34.897557455866654,-58.043085443091954
06441,La Plata,22,CENTRO DE EDUCACIÓN DE ADULTOS Nº 727/18,Región 1,0001DC0727,60073501,Educación de Jóvenes y Adultos,Nivel Primario,DIAGONAL 144 ENTRE 414 BIS Y 415 - S/N,221-487-1683,30630,escuela718@hotmail.com,Estatal,Oficial,CENTRO DE EDUCACIÓN PRIMARIA DE ADULTOS,INTERIOR,Urbano,1,Oficial,EXTENSION,S/Datos,"Dirección de Educación de Jóvenes, Adultos y Adultos Mayores",600100339,Inicial 2026,20,7,13,2,VESPERTINO,600735,1,727,-34.8878353102549,-58.12574083142784
06441,La Plata,23,CENTRO DE EDUCACIÓN DE ADULTOS Nº 728/04,Región 1,0001DC0728,60317201,Educación de Jóvenes y Adultos,Nivel Primario,520 Y 139 - S/N,221-470-6910,21299,miriamfraga61@yahoo.com.ar,Estatal,Oficial,CENTRO DE EDUCACIÓN PRIMARIA DE ADULTOS,INTERIOR,Urbano,0,Oficial,EXTENSION,S/Datos,"Dirección de Educación de Jóvenes, Adultos y Adultos Mayores",600100341,Inicial 2026,20,6,14,2,"TARDE,VESPERTINO",603172,1,728,-34.92035435505219,-58.0159905850516
06441,La Plata,24,"CENTRO DE EDUCACIÓN DE ADULTOS Nº 733/12 ""JUAN ZORILLA DE SAN MARTÍN""",Región 1,0001DC0733,60897902,Educación de Jóvenes y Adultos,Nivel Primario,520 E/5 Y 5 BIS - S/N,-,,odc0010733@abc.gov.ar,Estatal,Oficial,CENTRO DE EDUCACIÓN PRIMARIA DE ADULTOS,INTERIOR,Urbano,0,Oficial,EXTENSION,S/Datos,"Dirección de Educación de Jóvenes, Adultos y Adultos Mayores",600100356,Inicial 2026,66,25,41,5,"TARDE,VESPERTINO",608979,2,733,-34.888753802199695,-57.98105198376563
06441,La Plata,25,CENTRO DE EDUCACIÓN DE ADULTOS Nº 735/09,Región 1,0001DC0735,61563801,Educación de Jóvenes y Adultos,Nivel Primario,54 - S/N,221-483-1217,,odc0010735@abc.gov.ar,Estatal,Oficial,CENTRO DE EDUCACIÓN PRIMARIA DE ADULTOS,INTERIOR,Urbano,0,Oficial,EXTENSION,S/Datos,"Dirección de Educación de Jóvenes, Adultos y Adultos Mayores",600105162,Inicial 2026,30,14,16,3,"MAÑANA,TARDE,VESPERTINO",615638,1,735,-34.919707374387805,-57.91686318293207
06441,La Plata,26,CENTRO DE ADULTOS Nº736,Región 1,0001DC0736,60890200,Educación de Jóvenes y Adultos,Nivel Primario,3 SINDICATO DE LUZ Y FUERZA - 481,221-15-590-6972,,alejandranoemiguera@gmail.com,Estatal,Oficial,CENTRO DE EDUCACIÓN PRIMARIA DE ADULTOS,INTERIOR,Urbano,0,Oficial,SEDE,S/Datos,"Dirección de Educación de Jóvenes, Adultos y Adultos Mayores",600100373,Inicial 2026,24,5,19,1,TARDE,608902,0,736,-34.905037597814854,-57.954053939462945
06441,La Plata,27,CENTRO DE EDUCACIÓN DE ADULTOS Nº 737/09,Región 1,0001DC0737,61563802,Educación de Jóvenes y Adultos,Nivel Primario,116 ENTRE 62 Y 63 - S/N,221-483-1217,,odc0010737@abc.gov.ar,Estatal,Oficial,CENTRO DE EDUCACIÓN PRIMARIA DE ADULTOS,INTERIOR,Urbano,1,Oficial,EXTENSION,S/Datos,"Dirección de Educación de Jóvenes, Adultos y Adultos Mayores",600105693,Inicial 2026,30,12,18,3,"MAÑANA,TARDE,VESPERTINO",615638,2,737,-34.915566945806106,-57.93069561440909
06441,La Plata,28,CENTRO DE EDUCACIÓN DE ADULTOS Nº 738/06,Región 1,0001DC0738,61313803,Educación de Jóvenes y Adultos,Nivel Primario,177 ( 66 Y 67) - S/N,221-450-1400,21382,odc0010738@abc.gov.ar,Estatal,Oficial,CENTRO DE EDUCACIÓN PRIMARIA DE ADULTOS,INTERIOR,Urbano,2,Oficial,EXTENSION,S/Datos,"Dirección de Educación de Jóvenes, Adultos y Adultos Mayores",600100394,Inicial 2026,11,2,9,1,TARDE,613138,3,738,-34.99270496046232,-58.006526516779715
06441,La Plata,29,CENTRO DE EDUCACIÓN DE ADULTOS Nº 739/04,Región 1,0001DC0739,60317203,Educación de Jóvenes y Adultos,Nivel Primario,135 ENTRE 524 Y 525 - S/N,221-470-8221,21374,miriamfraga61@yahoo.com.ar,Estatal,Oficial,CENTRO DE EDUCACIÓN PRIMARIA DE ADULTOS,INTERIOR,Urbano,1,Oficial,EXTENSION,S/Datos,"Dirección de Educación de Jóvenes, Adultos y Adultos Mayores",600105638,Inicial 2026,20,6,14,2,"MAÑANA,VESPERTINO",603172,3,739,-34.92064608655465,-58.006713276629505
06441,La Plata,30,CENTRO DE EDUCACIÓN DE ADULTOS Nº 740/04,Región 1,0001DC0740,60317202,Educación de Jóvenes y Adultos,Nivel Primario,132 E/ 39 Y 40 - S/N,221-470-8221,21326,epa704laplata@abc.gob.ar,Estatal,Oficial,CENTRO DE EDUCACIÓN PRIMARIA DE ADULTOS,INTERIOR,Urbano,0,Oficial,EXTENSION,S/Datos,"Dirección de Educación de Jóvenes, Adultos y Adultos Mayores",600100409,Inicial 2026,10,5,5,1,VESPERTINO,603172,2,740,-34.93070575346432,-57.98685008965399
06441,La Plata,31,CENTRO DE EDUCACIÓN DE ADULTOS Nº 741/03,Región 1,0001DC0741,61138902,Educación de Jóvenes y Adultos,Nivel Primario,131 E/ 77 Y 78 - S/N,221-451-6752,21188,epa703laplata@abc.gob.ar,Estatal,Oficial,CENTRO DE EDUCACIÓN PRIMARIA DE ADULTOS,INTERIOR,Urbano,0,Oficial,EXTENSION,S/Datos,"Dirección de Educación de Jóvenes, Adultos y Adultos Mayores",600105158,Inicial 2026,62,22,40,3,"TARDE,VESPERTINO",611389,2,741,-34.95781046287872,-57.94715143528397
06441,La Plata,32,"CENTRO DE EDUCACIÓN DE ADULTOS Nº 742/12 ""PEDRO BENOIT""",Región 1,0001DC0742,60897903,Educación de Jóvenes y Adultos,Nivel Primario,527 Y 16 - S/N,-,21388,,Estatal,Oficial,CENTRO DE EDUCACIÓN PRIMARIA DE ADULTOS,INTERIOR,Urbano,1,Oficial,EXTENSION,S/Datos,"Dirección de Educación de Jóvenes, Adultos y Adultos Mayores",600100421,Inicial 2026,31,18,13,3,"MAÑANA,TARDE,VESPERTINO",608979,3,742,-34.904425594662044,-57.98378863013521
06441,La Plata,33,CENTRO DE ADULTOS Nº743,Región 1,0001DC0743,61327200,Educación de Jóvenes y Adultos,Nivel Primario,122 E/603 Y 604 - S/N,221-498-0108,86750,cea743@hotmail.com,Estatal,Oficial,CENTRO DE EDUCACIÓN PRIMARIA DE ADULTOS,INTERIOR,Urbano,1,Oficial,SEDE,S/Datos,"Dirección de Educación de Jóvenes, Adultos y Adultos Mayores",600100432,Inicial 2026,36,16,20,2,VESPERTINO,613272,0,743,-34.939752815435526,-57.88366426488621
06441,La Plata,34,CENTRO DE EDUCACIÓN DE ADULTOS Nº 744/13,Región 1,0001DC0744,60911503,Educación de Jóvenes y Adultos,Nivel Primario,7 Y 601 - S/N,221-486-4335,,epa713laplata@abc.gob.ar,Estatal,Oficial,CENTRO DE EDUCACIÓN PRIMARIA DE ADULTOS,INTERIOR,Urbano,0,Oficial,EXTENSION,S/Datos,"Dirección de Educación de Jóvenes, Adultos y Adultos Mayores",600100445,Inicial 2026,50,7,43,4,"MAÑANA,VESPERTINO",609115,3,744,-34.95181909577033,-57.90137520479448
06441,La Plata,36,ESCUELA DE ADULTOS Nº746,Región 1,0001DE0746,60072900,Educación de Jóvenes y Adultos,Nivel Primario,192 Y 52 (UNIDAD PENAL Nº12-22 Y 25) - S/N,221-489-5011,,macobo@abc.gob.ar,Estatal,Oficial,ESCUELA DE EDUCACIÓN PRIMARIA DE ADULTOS,INTERIOR,Urbano,2,Oficial,SEDE,Primera,"Dirección de Educación de Jóvenes, Adultos y Adultos Mayores",600100581,Inicial 2026,93,93,0,13,"INTERMEDIO,MAÑANA,TARDE,VESPERTINO",600729,0,746,-34.99555816847171,-58.03680786188814
06441,La Plata,38,CENTRO DE EDUCACIÓN DE ADULTOS Nº 749/10,Región 1,0001DC0749,60291403,Educación de Jóvenes y Adultos,Nivel Primario,4 - S/N,221-421-1616,,princce2010@hotmail.com.ar,Estatal,Oficial,CENTRO DE EDUCACIÓN PRIMARIA DE ADULTOS,INTERIOR,Urbano,0,Oficial,EXTENSION,S/Datos,"Dirección de Educación de Jóvenes, Adultos y Adultos Mayores",600105780,Inicial 2026,23,6,17,2,TARDE,602914,3,749,-34.889023071212044,-57.97778947007368
06441,La Plata,39,ESCUELA DE ADULTOS Nº701,Región 1,0001DE0701,60072400,Educación de Jóvenes y Adultos,Nivel Primario,197 - 930,221-496-1092,,epa701laplata@abc.gob.ar,Estatal,Oficial,ESCUELA DE EDUCACIÓN PRIMARIA DE ADULTOS,INTERIOR,Urbano,2,Oficial,SEDE,Primera,"Dirección de Educación de Jóvenes, Adultos y Adultos Mayores",600100466,Inicial 2026,216,216,0,14,"INTERMEDIO,MAÑANA",600724,0,701,-34.99950895497136,-58.04200836339012
06441,La Plata,40,"ESCUELA PRIMARIA DE ADULTOS Nº702 ""EVITA""",Región 1,0001DE0702,60288800,Educación de Jóvenes y Adultos,Nivel Primario,70 Y 149 - S/N,221-450-4378,21368,epa702laplata@abc.gob.ar,Estatal,Oficial,ESCUELA DE EDUCACIÓN PRIMARIA DE ADULTOS,INTERIOR,Urbano,2,Oficial,SEDE,Primera,"Dirección de Educación de Jóvenes, Adultos y Adultos Mayores",600100478,Inicial 2026,173,0,173,12,"INTERMEDIO,MAÑANA",602888,0,702,-34.96877545412036,-57.973193319609884
06441,La Plata,41,"ESCUELA DE ADULTOS Nº703 ""VICENTE RASCIO""",Región 1,0001DE0703,61138900,Educación de Jóvenes y Adultos,Nivel Primario,62 - 31,221-450-4625,,esc703adultos@gmail.com,Estatal,Oficial,ESCUELA DE EDUCACIÓN PRIMARIA DE ADULTOS,INTERIOR,Urbano,0,Oficial,SEDE,Segunda,"Dirección de Educación de Jóvenes, Adultos y Adultos Mayores",600105428,Inicial 2026,87,27,60,8,"TARDE,VESPERTINO",611389,0,703,-34.953638650899464,-57.973019396122076
06441,La Plata,42,"ESCUELA DE ADULTOS Nº704 ""ING. LUIS MONTEVERDE""",Región 1,0001DE0704,60317200,Educación de Jóvenes y Adultos,Nivel Primario,139 E/ 33 Y 34 - S/N,221-470-8221,,diazdanielaalejandra613@gmail.com,Estatal,Oficial,ESCUELA DE EDUCACIÓN PRIMARIA DE ADULTOS,INTERIOR,Urbano,1,Oficial,SEDE,Primera,"Dirección de Educación de Jóvenes, Adultos y Adultos Mayores",600100497,Inicial 2026,80,18,62,8,"MAÑANA,TARDE,VESPERTINO",603172,0,704,-34.932208678646234,-58.00035750068347
06441,La Plata,43,"ESCUELA DE ADULTOS Nº706 ""CARLOS TOMAS SOURIGUES""",Región 1,0001DE0706,61313800,Educación de Jóvenes y Adultos,Nivel Primario,66 Y 153 - S/N,221-450-1400,,eepa706lh@gmail.com,Estatal,Oficial,ESCUELA DE EDUCACIÓN PRIMARIA DE ADULTOS,INTERIOR,Urbano,1,Oficial,SEDE,Primera,"Dirección de Educación de Jóvenes, Adultos y Adultos Mayores",600100506,Inicial 2026,144,39,105,12,"MAÑANA,TARDE,VESPERTINO",613138,0,706,-34.96946305031994,-57.98284252851438
06441,La Plata,44,"ESCUELA DE ADULTOS Nº709 ""BENITO LYNCH""",Región 1,0001DE0709,61563800,Educación de Jóvenes y Adultos,Nivel Primario,DIAGONAL 79 ESQ 115 - S/N,221-483-1217,,ode0010709@abc.gov.ar,Estatal,Oficial,ESCUELA DE EDUCACIÓN PRIMARIA DE ADULTOS,INTERIOR,Urbano,0,Oficial,SEDE,Primera,"Dirección de Educación de Jóvenes, Adultos y Adultos Mayores","600100237,600102619",Inicial 2026,160,68,92,16,"INTERMEDIO,MAÑANA,NOCHE,TARDE,VESPERTINO",615638,0,709,-34.914919342734294,-57.93248022790587
06441,La Plata,45,"ESCUELA DE ADULTOS Nº710 ""DR. MARIAMO MORENO""",Región 1,0001DE0710,60291400,Educación de Jóvenes y Adultos,Nivel Primario,16 ENTRE 47 Y 48 - S/N,221-421-1616,,princce2010@hotmail.com.ar,Estatal,Oficial,ESCUELA DE EDUCACIÓN PRIMARIA DE ADULTOS,INTERIOR,Urbano,0,Oficial,SEDE,Primera,"Dirección de Educación de Jóvenes, Adultos y Adultos Mayores",600100510,Inicial 2026,68,28,40,8,"MAÑANA,TARDE,VESPERTINO",602914,0,710,-34.92189406925225,-57.9610708712174
06441,La Plata,46,"ESCUELA DE ADULTOS Nº712 ""REPÚBLICA DE HAITI""",Región 1,0001DE0712,60897900,Educación de Jóvenes y Adultos,Nivel Primario,7 ESQ. 32 - S/N,221-422-4898,21338,escuelanumero712@gmail.com,Estatal,Oficial,ESCUELA DE EDUCACIÓN PRIMARIA DE ADULTOS,INTERIOR,Urbano,0,Oficial,SEDE,Primera,"Dirección de Educación de Jóvenes, Adultos y Adultos Mayores",600105311,Inicial 2026,66,25,41,5,"TARDE,VESPERTINO",608979,0,712,-34.90059406995678,-57.968611594843
06441,La Plata,47,"ESCUELA DE ADULTOS Nº713 ""DR. CAMILO SALINAS""",Región 1,0001DE0713,60911500,Educación de Jóvenes y Adultos,Nivel Primario,7 E/ 75 Y 76 - S/N,221-452-3211,,epa713laplata@abc.gob.ar,Estatal,Oficial,ESCUELA DE EDUCACIÓN PRIMARIA DE ADULTOS,INTERIOR,Urbano,0,Oficial,SEDE,Primera,"Dirección de Educación de Jóvenes, Adultos y Adultos Mayores",600105297,Inicial 2026,201,45,156,15,"INTERMEDIO,MAÑANA,TARDE,VESPERTINO",609115,0,713,-34.93365559722397,-57.92477457697821
06441,La Plata,48,ESCUELA DE ADULTOS Nº718,Región 1,0001DE0718,60073500,Educación de Jóvenes y Adultos,Nivel Primario,6 E/50 Y 51 - S/N,221-487-1683,21421,epa727laplata@abc.gob.ar,Estatal,Oficial,ESCUELA DE EDUCACIÓN PRIMARIA DE ADULTOS,INTERIOR,Urbano,0,Oficial,SEDE,Segunda,"Dirección de Educación de Jóvenes, Adultos y Adultos Mayores",600105221,Inicial 2026,101,26,75,10,"MAÑANA,VESPERTINO",600735,0,718,-34.84995306105918,-58.087600170087626
06441,La Plata,49,ESCUELA DE ADULTOS Nº721,Región 1,0001DE0721,60288200,Educación de Jóvenes y Adultos,Nivel Primario,520 Y 178 (UNIDAD PENAL Nº10-34 Y 45) - S/N,221-595-6927,,epa721laplata@abc.gob.ar,Estatal,Oficial,ESCUELA DE EDUCACIÓN PRIMARIA DE ADULTOS,INTERIOR,Urbano,2,Oficial,SEDE,Primera,"Dirección de Educación de Jóvenes, Adultos y Adultos Mayores",600100552,Inicial 2026,202,186,16,14,"TARDE,VESPERTINO",602882,0,721,-34.95770816319835,-58.05542240101804
06441,La Plata,50,ESCUELA DE ADULTOS Nº724,Región 1,0001DE0724,60489900,Educación de Jóvenes y Adultos,Nivel Primario,146 E/58 Y 58 BIS - S/N,221-450-2144,68866,eepa724lh@gmail.com,Estatal,Oficial,ESCUELA DE EDUCACIÓN PRIMARIA DE ADULTOS,INTERIOR,Urbano,1,Oficial,SEDE,Segunda,"Dirección de Educación de Jóvenes, Adultos y Adultos Mayores",600105382,Inicial 2026,103,25,78,9,"MAÑANA,NOCHE,TARDE",604899,0,724,-34.95626401476903,-57.98388475687004
06441,La Plata,51,ESCUELA DE ADULTOS Nº731,Región 1,0001DE0731,60317900,Educación de Jóvenes y Adultos,Nivel Primario,76 E/9 Y 11 (UNIDAD PENAL Nº9) - 712,221-451-7370,,epa731laplata@abc.gob.ar,Estatal,Oficial,ESCUELA DE EDUCACIÓN PRIMARIA DE ADULTOS,INTERIOR,Urbano,2,Oficial,SEDE,Primera,"Dirección de Educación de Jóvenes, Adultos y Adultos Mayores",600100575,Inicial 2026,301,301,0,17,"INTERMEDIO,MAÑANA,VESPERTINO",603179,0,731,-34.93698770321588,-57.926868473894054
06274,Florencio Varela,53,"ESCUELA DE ADULTOS Nº751 ""MANUEL BELGRANO""",Región 4,0032DE0751,61327500,Educación de Jóvenes y Adultos,Nivel Primario,"BUENOS AIRES Y RUTA PCIAL Nº53KM15,500 - S/N",11-5728-8148,,epja751@gmail.com,Estatal,Oficial,ESCUELA DE EDUCACIÓN PRIMARIA DE ADULTOS,CONURBANO,Rural Disperso,2,Oficial,SEDE,Primera,"Dirección de Educación de Jóvenes, Adultos y Adultos Mayores",603200369,Inicial 2026,452,417,35,18,"INTERMEDIO,MAÑANA,TARDE",613275,0,751,-34.93873725997452,-58.26224718308497
06441,La Plata,54,"ESCUELA ESPECIAL Nº503 ""J. J. GORRITTI""",Región 1,0001EE0503,61254800,Educación Especial,Nivel Inicial,9 - 1289,221-421-8422,,especial503laplata@abc.gob.ar,Estatal,Oficial,ESCUELA DE EDUCACIÓN ESPECIAL,INTERIOR,Urbano,1,Oficial,SEDE,Primera,Dirección de Educación Especial,600101006,Inicial 2026,10,8,2,0,"MAÑANA,TARDE",612548,0,503,-34.9218316061385,-57.94520819272005
06441,La Plata,54,"ESCUELA ESPECIAL Nº503 ""J. J. GORRITTI""",Región 1,0001EE0503,61254800,Educación Especial,Formación Integral,9 - 1289,221-421-8422,,especial503laplata@abc.gob.ar,Estatal,Oficial,ESCUELA DE EDUCACIÓN ESPECIAL,INTERIOR,Urbano,1,Oficial,SEDE,Primera,Dirección de Educación Especial,600101006,Inicial 2026,76,58,18,0,"MAÑANA,TARDE",612548,0,503,-34.9218316061385,-57.94520819272005
06441,La Plata,54,"ESCUELA ESPECIAL Nº503 ""J. J. GORRITTI""",Región 1,0001EE0503,61254800,Educación Especial,Nivel Primario,9 - 1289,221-421-8422,,especial503laplata@abc.gob.ar,Estatal,Oficial,ESCUELA DE EDUCACIÓN ESPECIAL,INTERIOR,Urbano,1,Oficial,SEDE,Primera,Dirección de Educación Especial,600101006,Inicial 2026,161,127,34,0,"MAÑANA,TARDE",612548,0,503,-34.9218316061385,-57.94520819272005
06441,La Plata,56,"ESCUELA ESPECIAL Nº509 ""DR. CARLOS COMETTO""",Región 1,0001EE0509,60900900,Educación Especial,Formación Integral,14 (E/ 65 Y 66) (HOSPITAL DE NIÑOS) - 1631,221-451-0316,69254,especial509laplata@abc.gob.ar,Estatal,Oficial,ESCUELA DE EDUCACIÓN ESPECIAL,INTERIOR,Urbano,0,Oficial,SEDE,Primera,Dirección de Educación Especial,600101010,Inicial 2026,40,25,15,0,"MAÑANA,TARDE",609009,0,509,-34.93218716170428,-57.94283369571183
06441,La Plata,56,"ESCUELA ESPECIAL Nº509 ""DR. CARLOS COMETTO""",Región 1,0001EE0509,60900900,Educación Especial,Nivel Primario,14 (E/ 65 Y 66) (HOSPITAL DE NIÑOS) - 1631,221-451-0316,69254,especial509laplata@abc.gob.ar,Estatal,Oficial,ESCUELA DE EDUCACIÓN ESPECIAL,INTERIOR,Urbano,0,Oficial,SEDE,Primera,Dirección de Educación Especial,600101010,Inicial 2026,38,21,17,0,"MAÑANA,TARDE",609009,0,509,-34.93218716170428,-57.94283369571183
06441,La Plata,56,"ESCUELA ESPECIAL Nº509 ""DR. CARLOS COMETTO""",Región 1,0001EE0509,60900900,Educación Especial,Nivel Inicial,14 (E/ 65 Y 66) (HOSPITAL DE NIÑOS) - 1631,221-451-0316,69254,especial509laplata@abc.gob.ar,Estatal,Oficial,ESCUELA DE EDUCACIÓN ESPECIAL,INTERIOR,Urbano,0,Oficial,SEDE,Primera,Dirección de Educación Especial,600101010,Inicial 2026,35,21,14,0,"MAÑANA,TARDE",609009,0,509,-34.93218716170428,-57.94283369571183
06441,La Plata,57,"ESCUELA ESPECIAL Nº514 ""LUIS MORZONE""",Región 1,0001EE0514,60898200,Educación Especial,Nivel Inicial,33 ESQUINA 2 - 368,221-483-4949,21262,especial514laplata@abc.gob.ar,Estatal,Oficial,ESCUELA DE EDUCACIÓN ESPECIAL,INTERIOR,Urbano,0,Oficial,SEDE,Primera,Dirección de Educación Especial,600101023,Inicial 2026,2,1,1,0,"MAÑANA,TARDE",608982,0,514,-34.89704700531142,-57.96262245355704
06441,La Plata,57,"ESCUELA ESPECIAL Nº514 ""LUIS MORZONE""",Región 1,0001EE0514,60898200,Educación Especial,Nivel Primario,33 ESQUINA 2 - 368,221-483-4949,21262,especial514laplata@abc.gob.ar,Estatal,Oficial,ESCUELA DE EDUCACIÓN ESPECIAL,INTERIOR,Urbano,0,Oficial,SEDE,Primera,Dirección de Educación Especial,600101023,Inicial 2026,89,52,37,0,"MAÑANA,TARDE",608982,0,514,-34.89704700531142,-57.96262245355704
06441,La Plata,57,"ESCUELA ESPECIAL Nº514 ""LUIS MORZONE""",Región 1,0001EE0514,60898200,Educación Especial,Formación Integral,33 ESQUINA 2 - 368,221-483-4949,21262,especial514laplata@abc.gob.ar,Estatal,Oficial,ESCUELA DE EDUCACIÓN ESPECIAL,INTERIOR,Urbano,0,Oficial,SEDE,Primera,Dirección de Educación Especial,600101023,Inicial 2026,115,75,40,0,"MAÑANA,TARDE",608982,0,514,-34.89704700531142,-57.96262245355704
06441,La Plata,58,"ESCUELA DE EDUCACIÓN ESPECIAL Nº 515 ""LIC. ELINA MARÍA TEJERINA DE WALSH""",Región 1,0001EE0515,60290700,Educación Especial,Nivel Primario,495 E/ CAMINO CENTENARIO Y 14 BIS - S/N,221-484-0515,21282,especial515laplata@abc.gob.ar,Estatal,Oficial,ESCUELA DE EDUCACIÓN ESPECIAL,INTERIOR,Urbano,0,Oficial,SEDE,Primera,Dirección de Educación Especial,600101034,Inicial 2026,107,72,35,0,"""DOBLE ESCOLARIDAD""",602907,0,515,-34.8773933266791,-58.0220810832369
06441,La Plata,58,"ESCUELA DE EDUCACIÓN ESPECIAL Nº 515 ""LIC. ELINA MARÍA TEJERINA DE WALSH""",Región 1,0001EE0515,60290700,Educación Especial,Nivel Inicial,495 E/ CAMINO CENTENARIO Y 14 BIS - S/N,221-484-0515,21282,especial515laplata@abc.gob.ar,Estatal,Oficial,ESCUELA DE EDUCACIÓN ESPECIAL,INTERIOR,Urbano,0,Oficial,SEDE,Primera,Dirección de Educación Especial,600101034,Inicial 2026,18,10,8,0,"""DOBLE ESCOLARIDAD""",602907,0,515,-34.8773933266791,-58.0220810832369
06441,La Plata,58,"ESCUELA DE EDUCACIÓN ESPECIAL Nº 515 ""LIC. ELINA MARÍA TEJERINA DE WALSH""",Región 1,0001EE0515,60290700,Educación Especial,Formación Integral,495 E/ CAMINO CENTENARIO Y 14 BIS - S/N,221-484-0515,21282,especial515laplata@abc.gob.ar,Estatal,Oficial,ESCUELA DE EDUCACIÓN ESPECIAL,INTERIOR,Urbano,0,Oficial,SEDE,Primera,Dirección de Educación Especial,600101034,Inicial 2026,63,39,24,0,"""DOBLE ESCOLARIDAD""",602907,0,515,-34.8773933266791,-58.0220810832369
06441,La Plata,59,"ESCUELA ESPECIAL Nº516 ""JULIO R. CAO""",Región 1,0001EE0516,61255200,Educación Especial,Nivel Primario,161 - S/N,221-478-2686,68781,escuelaespecial516@yahoo.com,Estatal,Oficial,ESCUELA DE EDUCACIÓN ESPECIAL,INTERIOR,Urbano,1,Oficial,SEDE,Primera,Dirección de Educación Especial,600101047,Inicial 2026,61,38,23,0,"MAÑANA,TARDE",612552,0,516,-34.93719653998802,-58.0436427534594
06441,La Plata,59,"ESCUELA ESPECIAL Nº516 ""JULIO R. CAO""",Región 1,0001EE0516,61255200,Educación Especial,Formación Integral,161 - S/N,221-478-2686,68781,escuelaespecial516@yahoo.com,Estatal,Oficial,ESCUELA DE EDUCACIÓN ESPECIAL,INTERIOR,Urbano,1,Oficial,SEDE,Primera,Dirección de Educación Especial,600101047,Inicial 2026,100,60,40,0,"MAÑANA,TARDE",612552,0,516,-34.93719653998802,-58.0436427534594
06441,La Plata,59,"ESCUELA ESPECIAL Nº516 ""JULIO R. CAO""",Región 1,0001EE0516,61255200,Educación Especial,Nivel Inicial,161 - S/N,221-478-2686,68781,escuelaespecial516@yahoo.com,Estatal,Oficial,ESCUELA DE EDUCACIÓN ESPECIAL,INTERIOR,Urbano,1,Oficial,SEDE,Primera,Dirección de Educación Especial,600101047,Inicial 2026,2,2,0,0,"MAÑANA,TARDE",612552,0,516,-34.93719653998802,-58.0436427534594
06441,La Plata,60,"ESCUELA ESPECIAL Nº517 ""BENITO QUINQUELA MARTÍN""",Región 1,0001EE0517,61253700,Educación Especial,Nivel Inicial,45 E/ 11 Y 12 - 829,221-421-4991,,especial517laplata@abc.gob.ar,Estatal,Oficial,ESCUELA DE EDUCACIÓN ESPECIAL,INTERIOR,Urbano,0,Oficial,SEDE,Primera,Dirección de Educación Especial,600101052,Inicial 2026,2,0,2,0,"""DOBLE ESCOLARIDAD""",612537,0,517,-34.915702988492804,-57.958871607444735
06441,La Plata,60,"ESCUELA ESPECIAL Nº517 ""BENITO QUINQUELA MARTÍN""",Región 1,0001EE0517,61253700,Educación Especial,Formación Integral,45 E/ 11 Y 12 - 829,221-421-4991,,especial517laplata@abc.gob.ar,Estatal,Oficial,ESCUELA DE EDUCACIÓN ESPECIAL,INTERIOR,Urbano,0,Oficial,SEDE,Primera,Dirección de Educación Especial,600101052,Inicial 2026,67,33,34,0,"""DOBLE ESCOLARIDAD""",612537,0,517,-34.915702988492804,-57.958871607444735
06441,La Plata,60,"ESCUELA ESPECIAL Nº517 ""BENITO QUINQUELA MARTÍN""",Región 1,0001EE0517,61253700,Educación Especial,Nivel Primario,45 E/ 11 Y 12 - 829,221-421-4991,,especial517laplata@abc.gob.ar,Estatal,Oficial,ESCUELA DE EDUCACIÓN ESPECIAL,INTERIOR,Urbano,0,Oficial,SEDE,Primera,Dirección de Educación Especial,600101052,Inicial 2026,124,73,51,0,"""DOBLE ESCOLARIDAD""",612537,0,517,-34.915702988492804,-57.958871607444735
06441,La Plata,61,"ESCUELA ESPECIAL Nº518 ""PROFESOR MARIO VITALONE""",Región 1,0001EE0518,60884000,Educación Especial,Nivel Primario,14 E/ 44 Y 45 - 632,221-424-8250,21132,especial518laplata@abc.gob.ar,Estatal,Oficial,ESCUELA DE EDUCACIÓN ESPECIAL,INTERIOR,Urbano,0,Oficial,SEDE,Primera,Dirección de Educación Especial,600101068,Inicial 2026,108,75,33,0,"MAÑANA,TARDE",608840,0,518,-34.91772574341478,-57.9616332443331
06441,La Plata,61,"ESCUELA ESPECIAL Nº518 ""PROFESOR MARIO VITALONE""",Región 1,0001EE0518,60884000,Educación Especial,Nivel Inicial,14 E/ 44 Y 45 - 632,221-424-8250,21132,especial518laplata@abc.gob.ar,Estatal,Oficial,ESCUELA DE EDUCACIÓN ESPECIAL,INTERIOR,Urbano,0,Oficial,SEDE,Primera,Dirección de Educación Especial,600101068,Inicial 2026,2,2,0,0,"MAÑANA,TARDE",608840,0,518,-34.91772574341478,-57.9616332443331
06441,La Plata,61,"ESCUELA ESPECIAL Nº518 ""PROFESOR MARIO VITALONE""",Región 1,0001EE0518,60884000,Educación Especial,Formación Integral,14 E/ 44 Y 45 - 632,221-424-8250,21132,especial518laplata@abc.gob.ar,Estatal,Oficial,ESCUELA DE EDUCACIÓN ESPECIAL,INTERIOR,Urbano,0,Oficial,SEDE,Primera,Dirección de Educación Especial,600101068,Inicial 2026,24,16,8,0,"MAÑANA,TARDE",608840,0,518,-34.91772574341478,-57.9616332443331
06441,La Plata,62,"ESCUELA ESPECIAL Nº524 ""HELEN KELLER""",Región 1,0001EE0524,60304500,Educación Especial,Nivel Primario,132 E/39 Y 40 - 371,221-479-7044,21405,escuela524lp@yahoo.com.ar,Estatal,Oficial,ESCUELA DE EDUCACIÓN ESPECIAL,INTERIOR,Urbano,0,Oficial,SEDE,Primera,Dirección de Educación Especial,600100409,Inicial 2026,46,26,20,0,MAÑANA,603045,0,524,-34.93077239142933,-57.986786863716844
06441,La Plata,62,"ESCUELA ESPECIAL Nº524 ""HELEN KELLER""",Región 1,0001EE0524,60304500,Educación Especial,Nivel Inicial,132 E/39 Y 40 - 371,221-479-7044,21405,escuela524lp@yahoo.com.ar,Estatal,Oficial,ESCUELA DE EDUCACIÓN ESPECIAL,INTERIOR,Urbano,0,Oficial,SEDE,Primera,Dirección de Educación Especial,600100409,Inicial 2026,1,1,0,0,MAÑANA,603045,0,524,-34.93077239142933,-57.986786863716844
06441,La Plata,62,"ESCUELA ESPECIAL Nº524 ""HELEN KELLER""",Región 1,0001EE0524,60304500,Educación Especial,Formación Integral,132 E/39 Y 40 - 371,221-479-7044,21405,escuela524lp@yahoo.com.ar,Estatal,Oficial,ESCUELA DE EDUCACIÓN ESPECIAL,INTERIOR,Urbano,0,Oficial,SEDE,Primera,Dirección de Educación Especial,600100409,Inicial 2026,79,57,22,0,MAÑANA,603045,0,524,-34.93077239142933,-57.986786863716844
06441,La Plata,63,"ESCUELA DE EDUCACIÓN ESPECIAL Nº526 ""CECILIA GRIERSON""",Región 1,0001EE0526,61447400,Educación Especial,Formación Integral,62 E/ 7 Y 8 - 641,221-422-3548,21305,especial526laplata@abc.gob.ar,Estatal,Oficial,ESCUELA DE EDUCACIÓN ESPECIAL,INTERIOR,Urbano,0,Oficial,SEDE,Primera,Dirección de Educación Especial,600101075,Inicial 2026,50,30,20,0,"MAÑANA,TARDE",614474,0,526,-34.92317166053977,-57.94015158372193
06441,La Plata,63,"ESCUELA DE EDUCACIÓN ESPECIAL Nº526 ""CECILIA GRIERSON""",Región 1,0001EE0526,61447400,Educación Especial,"Residencia Laboral,Pasantías, Artística",62 E/ 7 Y 8 - 641,221-422-3548,21305,especial526laplata@abc.gob.ar,Estatal,Oficial,ESCUELA DE EDUCACIÓN ESPECIAL,INTERIOR,Urbano,0,Oficial,SEDE,Primera,Dirección de Educación Especial,600101075,Inicial 2026,14,14,0,0,"MAÑANA,TARDE",614474,0,526,-34.92317166053977,-57.94015158372193
06441,La Plata,64,"ESCUELA ESPECIAL Nº527 ""BARBARA GONZALEZ DE SOTO""",Región 1,0001EE0527,60883700,Educación Especial,Nivel Inicial,116 E/ 71 Y 72 - 1909,221-483-0810,21027,especial527laplata@abc.gob.ar,Estatal,Oficial,ESCUELA DE EDUCACIÓN ESPECIAL,INTERIOR,Urbano,0,Oficial,SEDE,Primera,Dirección de Educación Especial,600101081,Inicial 2026,12,9,3,0,"MAÑANA,TARDE",608837,0,527,-34.92336101189707,-57.92033329304003
06441,La Plata,64,"ESCUELA ESPECIAL Nº527 ""BARBARA GONZALEZ DE SOTO""",Región 1,0001EE0527,60883700,Educación Especial,Formación Integral,116 E/ 71 Y 72 - 1909,221-483-0810,21027,especial527laplata@abc.gob.ar,Estatal,Oficial,ESCUELA DE EDUCACIÓN ESPECIAL,INTERIOR,Urbano,0,Oficial,SEDE,Primera,Dirección de Educación Especial,600101081,Inicial 2026,91,61,30,0,"MAÑANA,TARDE",608837,0,527,-34.92336101189707,-57.92033329304003
06441,La Plata,64,"ESCUELA ESPECIAL Nº527 ""BARBARA GONZALEZ DE SOTO""",Región 1,0001EE0527,60883700,Educación Especial,Nivel Primario,116 E/ 71 Y 72 - 1909,221-483-0810,21027,especial527laplata@abc.gob.ar,Estatal,Oficial,ESCUELA DE EDUCACIÓN ESPECIAL,INTERIOR,Urbano,0,Oficial,SEDE,Primera,Dirección de Educación Especial,600101081,Inicial 2026,106,65,41,0,"MAÑANA,TARDE",608837,0,527,-34.92336101189707,-57.92033329304003
06441,La Plata,65,"ESCUELA ESPECIAL Nº528 ""PUERTO ARGENTINO""",Región 1,0001EE0528,60890300,Educación Especial,Formación Integral,29 E/ 57 Y 58 - S/N,221-453-9768,20078,especial528laplata@abc.gob.ar,Estatal,Oficial,ESCUELA DE EDUCACIÓN ESPECIAL,INTERIOR,Urbano,0,Oficial,SEDE,Primera,Dirección de Educación Especial,600101099,Inicial 2026,37,21,16,0,MAÑANA,608903,0,528,-34.939286096228315,-57.96670325323396
06441,La Plata,65,"ESCUELA ESPECIAL Nº528 ""PUERTO ARGENTINO""",Región 1,0001EE0528,60890300,Educación Especial,Nivel Primario,29 E/ 57 Y 58 - S/N,221-453-9768,20078,especial528laplata@abc.gob.ar,Estatal,Oficial,ESCUELA DE EDUCACIÓN ESPECIAL,INTERIOR,Urbano,0,Oficial,SEDE,Primera,Dirección de Educación Especial,600101099,Inicial 2026,109,65,44,0,MAÑANA,608903,0,528,-34.939286096228315,-57.96670325323396
06441,La Plata,65,"ESCUELA ESPECIAL Nº528 ""PUERTO ARGENTINO""",Región 1,0001EE0528,60890300,Educación Especial,Nivel Inicial,29 E/ 57 Y 58 - S/N,221-453-9768,20078,especial528laplata@abc.gob.ar,Estatal,Oficial,ESCUELA DE EDUCACIÓN ESPECIAL,INTERIOR,Urbano,0,Oficial,SEDE,Primera,Dirección de Educación Especial,600101099,Inicial 2026,19,10,9,0,MAÑANA,608903,0,528,-34.939286096228315,-57.96670325323396
06441,La Plata,66,"ESCUELA DE EDUCACIÓN ESPECIAL Nº 529 ""OFELIA DÍAZ""",Región 1,0001EE0529,60288300,Educación Especial,Nivel Primario,173 - 1035,221-478-1805,21285,especial529laplata@abc.gob.ar,Estatal,Oficial,ESCUELA DE EDUCACIÓN ESPECIAL,INTERIOR,Urbano,1,Oficial,SEDE,Primera,Dirección de Educación Especial,600101109,Inicial 2026,131,92,39,0,"ALTERNADO,MAÑANA,TARDE",602883,0,529,-34.95352280832806,-58.049251458183235
06441,La Plata,66,"ESCUELA DE EDUCACIÓN ESPECIAL Nº 529 ""OFELIA DÍAZ""",Región 1,0001EE0529,60288300,Educación Especial,Nivel Inicial,173 - 1035,221-478-1805,21285,especial529laplata@abc.gob.ar,Estatal,Oficial,ESCUELA DE EDUCACIÓN ESPECIAL,INTERIOR,Urbano,1,Oficial,SEDE,Primera,Dirección de Educación Especial,600101109,Inicial 2026,17,15,2,0,"ALTERNADO,MAÑANA,TARDE",602883,0,529,-34.95352280832806,-58.049251458183235
06441,La Plata,66,"ESCUELA DE EDUCACIÓN ESPECIAL Nº 529 ""OFELIA DÍAZ""",Región 1,0001EE0529,60288300,Educación Especial,Formación Integral,173 - 1035,221-478-1805,21285,especial529laplata@abc.gob.ar,Estatal,Oficial,ESCUELA DE EDUCACIÓN ESPECIAL,INTERIOR,Urbano,1,Oficial,SEDE,Primera,Dirección de Educación Especial,600101109,Inicial 2026,35,22,13,0,"ALTERNADO,MAÑANA,TARDE",602883,0,529,-34.95352280832806,-58.049251458183235
06441,La Plata,67,"ESCUELA DE EDUCACIÓN ESPECIAL Nº 531 ""DR. RENÉ FAVALORO""",Región 1,0001EE0531,61447500,Educación Especial,Nivel Primario,8 - 1911,221-457-9763,21203,especial531laplata@abc.gob.ar,Estatal,Oficial,ESCUELA DE EDUCACIÓN ESPECIAL,INTERIOR,Urbano,0,Oficial,SEDE,Primera,Dirección de Educación Especial,600101113,Inicial 2026,115,84,31,0,"MAÑANA,TARDE",614475,0,531,-34.93151557497978,-57.93006703623892
06441,La Plata,67,"ESCUELA DE EDUCACIÓN ESPECIAL Nº 531 ""DR. RENÉ FAVALORO""",Región 1,0001EE0531,61447500,Educación Especial,Formación Integral,8 - 1911,221-457-9763,21203,especial531laplata@abc.gob.ar,Estatal,Oficial,ESCUELA DE EDUCACIÓN ESPECIAL,INTERIOR,Urbano,0,Oficial,SEDE,Primera,Dirección de Educación Especial,600101113,Inicial 2026,55,45,10,0,"MAÑANA,TARDE",614475,0,531,-34.93151557497978,-57.93006703623892
06441,La Plata,68,"ESCUELA ESPECIAL Nº532 ""ALFONSINA STORNI""",Región 1,0001EE0532,60305200,Educación Especial,Nivel Inicial,81 ESQ. 19 - 1228,221-451-1668,21177,eee532@hotmail.es,Estatal,Oficial,ESCUELA DE EDUCACIÓN ESPECIAL,INTERIOR,Urbano,0,Oficial,SEDE,Primera,Dirección de Educación Especial,600101121,Inicial 2026,24,12,12,0,"MAÑANA,TARDE",603052,0,532,-34.94972711441082,-57.93091119898578
06441,La Plata,68,"ESCUELA ESPECIAL Nº532 ""ALFONSINA STORNI""",Región 1,0001EE0532,60305200,Educación Especial,Nivel Primario,81 ESQ. 19 - 1228,221-451-1668,21177,eee532@hotmail.es,Estatal,Oficial,ESCUELA DE EDUCACIÓN ESPECIAL,INTERIOR,Urbano,0,Oficial,SEDE,Primera,Dirección de Educación Especial,600101121,Inicial 2026,80,57,23,0,"MAÑANA,TARDE",603052,0,532,-34.94972711441082,-57.93091119898578
06441,La Plata,68,"ESCUELA ESPECIAL Nº532 ""ALFONSINA STORNI""",Región 1,0001EE0532,60305200,Educación Especial,Formación Integral,81 ESQ. 19 - 1228,221-451-1668,21177,eee532@hotmail.es,Estatal,Oficial,ESCUELA DE EDUCACIÓN ESPECIAL,INTERIOR,Urbano,0,Oficial,SEDE,Primera,Dirección de Educación Especial,600101121,Inicial 2026,209,131,78,0,"MAÑANA,TARDE",603052,0,532,-34.94972711441082,-57.93091119898578
06441,La Plata,69,"ESCUELA DE EDUCACIÓN ESPECIAL Nº533 ""DR. ESTEBAN LAUREANO MARADONA""",Región 1,0001EE0533,60317700,Educación Especial,Formación Integral,43 E/ 139 Y 140 - 2222,221-479-8876,21345,especial533laplata@abc.gob.ar,Estatal,Oficial,ESCUELA DE EDUCACIÓN ESPECIAL,INTERIOR,Urbano,0,Oficial,SEDE,Primera,Dirección de Educación Especial,600101132,Inicial 2026,46,24,22,0,MAÑANA,603177,0,533,-34.94080442388028,-57.98990838951396
06441,La Plata,69,"ESCUELA DE EDUCACIÓN ESPECIAL Nº533 ""DR. ESTEBAN LAUREANO MARADONA""",Región 1,0001EE0533,60317700,Educación Especial,Nivel Primario,43 E/ 139 Y 140 - 2222,221-479-8876,21345,especial533laplata@abc.gob.ar,Estatal,Oficial,ESCUELA DE EDUCACIÓN ESPECIAL,INTERIOR,Urbano,0,Oficial,SEDE,Primera,Dirección de Educación Especial,600101132,Inicial 2026,91,51,40,0,MAÑANA,603177,0,533,-34.94080442388028,-57.98990838951396
06441,La Plata,70,"ESCUELA ESPECIAL Nº534 ""JULIO PARIDE BOSCHI""",Región 1,0001EE0534,60907100,Educación Especial,Formación Integral,37 E/120 Y 121 - 70,221-482-2337,21217,especial534laplata@abc.gob.ar,Estatal,Oficial,ESCUELA DE EDUCACIÓN ESPECIAL,INTERIOR,Urbano,0,Oficial,SEDE,Primera,Dirección de Educación Especial,600101145,Inicial 2026,85,52,33,0,"""DOBLE ESCOLARIDAD""",609071,0,534,-34.89229118438687,-57.94983772462479
06441,La Plata,70,"ESCUELA ESPECIAL Nº534 ""JULIO PARIDE BOSCHI""",Región 1,0001EE0534,60907100,Educación Especial,Nivel Inicial,37 E/120 Y 121 - 70,221-482-2337,21217,especial534laplata@abc.gob.ar,Estatal,Oficial,ESCUELA DE EDUCACIÓN ESPECIAL,INTERIOR,Urbano,0,Oficial,SEDE,Primera,Dirección de Educación Especial,600101145,Inicial 2026,2,2,0,0,"""DOBLE ESCOLARIDAD""",609071,0,534,-34.89229118438687,-57.94983772462479
06441,La Plata,70,"ESCUELA ESPECIAL Nº534 ""JULIO PARIDE BOSCHI""",Región 1,0001EE0534,60907100,Educación Especial,Nivel Primario,37 E/120 Y 121 - 70,221-482-2337,21217,especial534laplata@abc.gob.ar,Estatal,Oficial,ESCUELA DE EDUCACIÓN ESPECIAL,INTERIOR,Urbano,0,Oficial,SEDE,Primera,Dirección de Educación Especial,600101145,Inicial 2026,59,32,27,0,"""DOBLE ESCOLARIDAD""",609071,0,534,-34.89229118438687,-57.94983772462479
06441,La Plata,71,"ESCUELA ESPECIAL Nº535 ""JUANA AZURDUY""",Región 1,0001EE0535,61138800,Educación Especial,Formación Profesional,143 E/ 65 Y 66 - S/N,221-450-0155,21280,especial535laplata@abc.gob.ar,Estatal,Oficial,ESCUELA DE EDUCACIÓN ESPECIAL,INTERIOR,Urbano,0,Oficial,SEDE,Primera,Dirección de Educación Especial,600101150,Inicial 2026,30,30,0,0,"MAÑANA,TARDE",611388,0,535,-34.9595362308559,-57.9723549410018
06441,La Plata,71,"ESCUELA ESPECIAL Nº535 ""JUANA AZURDUY""",Región 1,0001EE0535,61138800,Educación Especial,Nivel Primario,143 E/ 65 Y 66 - S/N,221-450-0155,21280,especial535laplata@abc.gob.ar,Estatal,Oficial,ESCUELA DE EDUCACIÓN ESPECIAL,INTERIOR,Urbano,0,Oficial,SEDE,Primera,Dirección de Educación Especial,600101150,Inicial 2026,132,77,55,0,"MAÑANA,TARDE",611388,0,535,-34.9595362308559,-57.9723549410018
06441,La Plata,71,"ESCUELA ESPECIAL Nº535 ""JUANA AZURDUY""",Región 1,0001EE0535,61138800,Educación Especial,Nivel Inicial,143 E/ 65 Y 66 - S/N,221-450-0155,21280,especial535laplata@abc.gob.ar,Estatal,Oficial,ESCUELA DE EDUCACIÓN ESPECIAL,INTERIOR,Urbano,0,Oficial,SEDE,Primera,Dirección de Educación Especial,600101150,Inicial 2026,30,18,12,0,"MAÑANA,TARDE",611388,0,535,-34.9595362308559,-57.9723549410018
06441,La Plata,71,"ESCUELA ESPECIAL Nº535 ""JUANA AZURDUY""",Región 1,0001EE0535,61138800,Educación Especial,Formación Integral,143 E/ 65 Y 66 - S/N,221-450-0155,21280,especial535laplata@abc.gob.ar,Estatal,Oficial,ESCUELA DE EDUCACIÓN ESPECIAL,INTERIOR,Urbano,0,Oficial,SEDE,Primera,Dirección de Educación Especial,600101150,Inicial 2026,153,87,66,0,"MAÑANA,TARDE",611388,0,535,-34.9595362308559,-57.9723549410018
06441,La Plata,72,"ESCUELA DE EDUCACIÓN ESPECIAL Nº 536 ""COMUNIDAD DE VILLA ELISA""",Región 1,0001EE0536,60074500,Educación Especial,Nivel Primario,DIAGONAL 427 - 350,221-487-1532,21347,especial536laplata@abc.gob.ar,Estatal,Oficial,ESCUELA DE EDUCACIÓN ESPECIAL,INTERIOR,Urbano,0,Oficial,SEDE,Primera,Dirección de Educación Especial,600101166,Inicial 2026,133,89,44,0,"""DOBLE ESCOLARIDAD""",600745,0,536,-34.854153127162405,-58.07063370857402
06441,La Plata,72,"ESCUELA DE EDUCACIÓN ESPECIAL Nº 536 ""COMUNIDAD DE VILLA ELISA""",Región 1,0001EE0536,60074500,Educación Especial,Nivel Inicial,DIAGONAL 427 - 350,221-487-1532,21347,especial536laplata@abc.gob.ar,Estatal,Oficial,ESCUELA DE EDUCACIÓN ESPECIAL,INTERIOR,Urbano,0,Oficial,SEDE,Primera,Dirección de Educación Especial,600101166,Inicial 2026,18,9,9,0,"""DOBLE ESCOLARIDAD""",600745,0,536,-34.854153127162405,-58.07063370857402
06441,La Plata,72,"ESCUELA DE EDUCACIÓN ESPECIAL Nº 536 ""COMUNIDAD DE VILLA ELISA""",Región 1,0001EE0536,60074500,Educación Especial,Formación Integral,DIAGONAL 427 - 350,221-487-1532,21347,especial536laplata@abc.gob.ar,Estatal,Oficial,ESCUELA DE EDUCACIÓN ESPECIAL,INTERIOR,Urbano,0,Oficial,SEDE,Primera,Dirección de Educación Especial,600101166,Inicial 2026,179,117,62,0,"""DOBLE ESCOLARIDAD""",600745,0,536,-34.854153127162405,-58.07063370857402
06441,La Plata,72,"ESCUELA DE EDUCACIÓN ESPECIAL Nº 536 ""COMUNIDAD DE VILLA ELISA""",Región 1,0001EE0536,60074500,Educación Especial,Formación Profesional,DIAGONAL 427 - 350,221-487-1532,21347,especial536laplata@abc.gob.ar,Estatal,Oficial,ESCUELA DE EDUCACIÓN ESPECIAL,INTERIOR,Urbano,0,Oficial,SEDE,Primera,Dirección de Educación Especial,600101166,Inicial 2026,8,8,0,0,"""DOBLE ESCOLARIDAD""",600745,0,536,-34.854153127162405,-58.07063370857402
06441,La Plata,73,"ESCUELA DE EDUCACIÓN ESPECIAL Nº 538 ""EMAR ACOSTA""",Región 1,0001EE0538,61253600,Educación Especial,Nivel Primario,AVENIDA 25 - 591,221-470-4784,,especial538laplata@abc.gob.ar,Estatal,Oficial,ESCUELA DE EDUCACIÓN ESPECIAL,INTERIOR,Urbano,0,Oficial,SEDE,Primera,Dirección de Educación Especial,600101178,Inicial 2026,75,53,22,0,"MAÑANA,TARDE",612536,0,538,-34.91229167142017,-57.99374981249801
06441,La Plata,73,"ESCUELA DE EDUCACIÓN ESPECIAL Nº 538 ""EMAR ACOSTA""",Región 1,0001EE0538,61253600,Educación Especial,Nivel Inicial,AVENIDA 25 - 591,221-470-4784,,especial538laplata@abc.gob.ar,Estatal,Oficial,ESCUELA DE EDUCACIÓN ESPECIAL,INTERIOR,Urbano,0,Oficial,SEDE,Primera,Dirección de Educación Especial,600101178,Inicial 2026,18,9,9,0,"MAÑANA,TARDE",612536,0,538,-34.91229167142017,-57.99374981249801
06441,La Plata,73,"ESCUELA DE EDUCACIÓN ESPECIAL Nº 538 ""EMAR ACOSTA""",Región 1,0001EE0538,61253600,Educación Especial,Formación Integral,AVENIDA 25 - 591,221-470-4784,,especial538laplata@abc.gob.ar,Estatal,Oficial,ESCUELA DE EDUCACIÓN ESPECIAL,INTERIOR,Urbano,0,Oficial,SEDE,Primera,Dirección de Educación Especial,600101178,Inicial 2026,70,44,26,0,"MAÑANA,TARDE",612536,0,538,-34.91229167142017,-57.99374981249801
06441,La Plata,75,"CENTRO DE FORMACIÓN INTEGRAL Nº 2 ""MAESTRO ISAURO ARANCIBIA""",Región 1,0001EL0002,61498600,Educación Especial,Formación Integral,58 Y 29 - S/N,221-457-2137,21200,cfl2laplata@abc.gob.ar,Estatal,Oficial,CENTRO DE FORMACIÓN INTEGRAL,INTERIOR,Urbano,0,Oficial,SEDE,Primera,Dirección de Educación Especial,600101184,Inicial 2026,98,64,34,0,"MAÑANA,TARDE",614986,0,2,-34.93953469873075,-57.96638065125281
06441,La Plata,75,"CENTRO DE FORMACIÓN INTEGRAL Nº 2 ""MAESTRO ISAURO ARANCIBIA""",Región 1,0001EL0002,61498600,Educación Especial,"Residencia Laboral,Pasantías, Artística",58 Y 29 - S/N,221-457-2137,21200,cfl2laplata@abc.gob.ar,Estatal,Oficial,CENTRO DE FORMACIÓN INTEGRAL,INTERIOR,Urbano,0,Oficial,SEDE,Primera,Dirección de Educación Especial,600101184,Inicial 2026,27,27,0,0,"MAÑANA,TARDE",614986,0,2,-34.93953469873075,-57.96638065125281
06441,La Plata,75,"CENTRO DE FORMACIÓN INTEGRAL Nº 2 ""MAESTRO ISAURO ARANCIBIA""",Región 1,0001EL0002,61498600,Educación Especial,Formación Profesional,58 Y 29 - S/N,221-457-2137,21200,cfl2laplata@abc.gob.ar,Estatal,Oficial,CENTRO DE FORMACIÓN INTEGRAL,INTERIOR,Urbano,0,Oficial,SEDE,Primera,Dirección de Educación Especial,600101184,Inicial 2026,7,7,0,0,"MAÑANA,TARDE",614986,0,2,-34.93953469873075,-57.96638065125281
06441,La Plata,76,"CENTRO DE FORMACIÓN INTEGRAL Nº 3 ""RODOLFO J. WALSH""",Región 1,0001EL0003,61498700,Educación Especial,Formación Profesional,518 E/ 174 Y 175 - S/N,221-478-0064,21375,cfl3laplata@abc.gob.ar,Estatal,Oficial,CENTRO DE FORMACIÓN INTEGRAL,INTERIOR,Urbano,1,Oficial,SEDE,Primera,Dirección de Educación Especial,600101197,Inicial 2026,51,51,0,0,"MAÑANA,TARDE",614987,0,3,-34.95249530683364,-58.05470315212832
06441,La Plata,76,"CENTRO DE FORMACIÓN INTEGRAL Nº 3 ""RODOLFO J. WALSH""",Región 1,0001EL0003,61498700,Educación Especial,Formación Integral,518 E/ 174 Y 175 - S/N,221-478-0064,21375,cfl3laplata@abc.gob.ar,Estatal,Oficial,CENTRO DE FORMACIÓN INTEGRAL,INTERIOR,Urbano,1,Oficial,SEDE,Primera,Dirección de Educación Especial,600101197,Inicial 2026,97,65,32,0,"MAÑANA,TARDE",614987,0,3,-34.95249530683364,-58.05470315212832
06441,La Plata,77,"CENTRO DE EDUCACIÓN FÍSICA Nº 2 ""MAESTRO ISAURO ARANCIBIA""",Región 1,0001FC0002,61623100,Educación Física,Educación Física (C.E.F.),CALLE 532 E/ 21 Y 25 - S/N,221-421-4715,21060,cef2laplata@abc.gob.ar,Estatal,Oficial,CENTRO DE EDUCACIÓN FÍSICA,INTERIOR,Urbano,0,Oficial,SEDE,Primera,Dirección de Educación Física,600101227,Inicial 2026,3488,1296,2192,165,"MAÑANA,TARDE,VESPERTINO",616231,0,2,-34.914353652631,-57.986270137129374
06441,La Plata,78,INSTITUTO SUPERIOR DE FORMACIÓN TÉCNICA Nº 8,Región 1,0001IS0008,60923700,Educación Técnico Profesional,Nivel Superior,50 - 877,221-421-3501,,isfdyt8laplata@abc.gob.ar,Estatal,Oficial,INSTITUTO SUPERIOR DE FORMACIÓN DOCENTE Y TÉCNICA,INTERIOR,Urbano,0,Oficial,SEDE,Primera,Dirección Provincial de Educación Técnico Profesional,600105542,Inicial 2026,1804,570,1234,40,"INTERMEDIO,MAÑANA,TARDE,VESPERTINO",609237,0,8,-34.919933878594264,-57.95544762822724
06441,La Plata,79,INSTITUTO SUPERIOR DE FORMACIÓN DOCENTE Y TÉCNICA N° 9,Región 1,0001IS0009,60643700,Educación Común,Nivel Superior,2 - 727,221-421-6288,21225,isfdyt9laplata@abc.gob.ar,Estatal,Oficial,INSTITUTO SUPERIOR DE FORMACIÓN DOCENTE Y TÉCNICA,INTERIOR,Urbano,0,Oficial,SEDE,Primera,Dirección Provincial de Educación Superior,600101258,Inicial 2026,2494,101,2393,61,"MAÑANA,TARDE,VESPERTINO",606437,0,9,-34.90818664642863,-57.94753671422195
06441,La Plata,80,"INSTITUTO SUPERIOR DE FORMACIÓN TÉCNICA Nº 12 ""CRUCERO A.R.A. GENERAL BELGRANO""",Región 1,0001IS0012,60899400,Educación Técnico Profesional,Nivel Superior,CALLE 7 - 2149,221-452-3814,21194,isft12@abc.gob.ar,Estatal,Oficial,INSTITUTO SUPERIOR DE FORMACIÓN DOCENTE Y TÉCNICA,INTERIOR,Urbano,0,Oficial,SEDE,Primera,Dirección Provincial de Educación Técnico Profesional,600100030,Inicial 2026,1564,765,799,39,"MAÑANA,TARDE,VESPERTINO",608994,0,12,-34.93397158476841,-57.92428202592536
06441,La Plata,81,INSTITUTO SUPERIOR DE FORMACIÓN DOCENTE N° 17,Región 1,0001IS0017,60899100,Educación Común,Nivel Superior,67 - 828,221-451-2774,21182,isfd17laplata@abc.gob.ar,Estatal,Oficial,INSTITUTO SUPERIOR DE FORMACIÓN DOCENTE Y TÉCNICA,INTERIOR,Urbano,0,Oficial,SEDE,Primera,Dirección Provincial de Educación Superior,600101262,Inicial 2026,1108,132,976,32,"MAÑANA,TARDE,VESPERTINO",608991,0,17,-34.931358875040736,-57.93802096464503
06441,La Plata,82,"INSTITUTO SUPERIOR DE FORMACIÓN DOCENTE Nº 94 ""ROBERTO THEMIS SPERONI""",Región 1,0001IS0094,60900000,Educación Común,Nivel Superior,465 Y CAMINO GENERAL BELGRANO - S/N,221-472-0713,21295,isperoni@yahoo.com.ar,Estatal,Oficial,INSTITUTO SUPERIOR DE FORMACIÓN DOCENTE Y TÉCNICA,INTERIOR,Urbano,0,Oficial,SEDE,Tercera,Dirección Provincial de Educación Superior,600101270,Inicial 2026,117,14,103,4,TARDE,609000,0,94,-34.8797481788326,-58.0602136795128
06441,La Plata,83,"INSTITUTO SUPERIOR DE FORMACIÓN DOCENTE N° 95 ""MARY O'GRAHAM""",Región 1,0001IS0095,60890600,Educación Común,Nivel Superior,51 - 975,221-483-0891,,isfd95laplata@abc.gob.ar,Estatal,Oficial,INSTITUTO SUPERIOR DE FORMACIÓN DOCENTE Y TÉCNICA,INTERIOR,Urbano,0,Oficial,SEDE,Primera,Dirección Provincial de Educación Superior,600101289,Inicial 2026,470,155,315,20,"TARDE,VESPERTINO",608906,0,95,-34.92236347579005,-57.95702697880563
06441,La Plata,84,"INSTITUTO SUPERIOR DE FORMACIÓN DOCENTE N° 96 ""DARDO ROCHA""",Región 1,0001IS0096,60073300,Educación Común,Nivel Superior,DIAGONAL 78 (E/ 4 Y 5) - S/N,221-421-5595,,institutosuperior96@gmail.com,Estatal,Oficial,INSTITUTO SUPERIOR DE FORMACIÓN DOCENTE Y TÉCNICA,INTERIOR,Urbano,0,Oficial,SEDE,Tercera,Dirección Provincial de Educación Superior,600100942,Inicial 2026,178,29,149,8,"MAÑANA,TARDE",600733,0,96,-34.916571661948794,-57.94176389548071
06441,La Plata,85,INSTITUTO SUPERIOR DE FORMACIÓN DOCENTE N° 97,Región 1,0001IS0097,60643900,Educación Común,Nivel Superior,58 E/ 8 Y 9 - S/N,221-482-0080,21073,isfd97@yahoo.com.ar,Estatal,Oficial,INSTITUTO SUPERIOR DE FORMACIÓN DOCENTE Y TÉCNICA,INTERIOR,Urbano,0,Oficial,SEDE,Tercera,Dirección Provincial de Educación Superior,600101236,Inicial 2026,199,57,142,8,VESPERTINO,606439,0,97,-34.920127203603734,-57.945320856265916
06441,La Plata,86,"JARDÍN DE INFANTES Nº901 ""MANUEL BELGRANO""",Región 1,0001JI0901,60883200,Educación Común,Nivel Inicial,7 E/62 Y 63 - 1480,221-421-1692,21040,jardin901laplata@gmail.com,Estatal,Oficial,JARDÍN DE INFANTES,INTERIOR,Urbano,0,Oficial,SEDE,Primera,Dirección Provincial de Educación Inicial,600101329,Inicial 2026,179,104,75,14,"MAÑANA,TARDE",608832,0,901,-34.922828372227684,-57.93844832712186
06441,La Plata,87,"JARDÍN DE INFANTES Nº902 ""MARTÍN MIGUEL DE GÜEMES""",Región 1,0001JI0902,60899500,Educación Común,Nivel Inicial,5 ESQ. 73 - 2015,221-452-8301,21331,zuny_lp@yahoo.com.ar,Estatal,Oficial,JARDÍN DE INFANTES,INTERIOR,Urbano,0,Oficial,SEDE,Primera,Dirección Provincial de Educación Inicial,600101338,Inicial 2026,194,92,102,12,"MAÑANA,TARDE",608995,0,902,-34.93057585089071,-57.924381117287766
06441,La Plata,88,"JARDÍN DE INFANTES Nº903 ""GENERAL SAN MARTÍN""",Región 1,0001JI0903,60490200,Educación Común,Nivel Inicial,51 ENTRE 24 Y 25 (PARQUE SAN MARTÍN) - S/N,221-451-5732,,jardin903.laplata@gmail.com,Estatal,Oficial,JARDÍN DE INFANTES,INTERIOR,Urbano,0,Oficial,SEDE,Primera,Dirección Provincial de Educación Inicial,600101340,Inicial 2026,220,118,102,14,"MAÑANA,TARDE",604902,0,903,-34.93175296992002,-57.96675731419248
06441,La Plata,89,"JARDÍN DE INFANTES Nº904 ""PAULA M. ALBARRACIN DE SARMIENTO""",Región 1,0001JI0904,60923300,Educación Común,Nivel Inicial,185 Y 78 - S/N,-,21386,jardin904laplata@abc.gob.ar,Estatal,Oficial,JARDÍN DE INFANTES,INTERIOR,Rural Disperso,2,Oficial,SEDE,Primera,Dirección Provincial de Educación Inicial,600101355,Inicial 2026,179,81,98,8,"MAÑANA,TARDE",609233,0,904,-35.01001995315504,-58.001603832944824
06441,La Plata,90,"JARDÍN DE INFANTES Nº905 ""ALMAFUERTE""",Región 1,0001JI0905,60888800,Educación Común,Nivel Inicial,36 E/ 27 Y 28 - S/N,221-479-5954,21328,jardin905laplata@abc.gob.ar,Estatal,Oficial,JARDÍN DE INFANTES,INTERIOR,Urbano,0,Oficial,SEDE,Primera,Dirección Provincial de Educación Inicial,600101364,Inicial 2026,192,100,92,10,"MAÑANA,TARDE",608888,0,905,-34.92292975460108,-57.98569930637195
06441,La Plata,91,"JARDÍN DE INFANTES Nº906 ""FRANCISCO L. DE AGUIRRE BENGOA""",Región 1,0001JI0906,60284400,Educación Común,Nivel Inicial,115 BIS Y 530 - S/N,221-483-4285,21288,jardin906laplata@abc.gob.ar,Estatal,Oficial,JARDÍN DE INFANTES,INTERIOR,Urbano,0,Oficial,SEDE,Primera,Dirección Provincial de Educación Inicial,600101372,Inicial 2026,118,62,56,8,"MAÑANA,TARDE",602844,0,906,-34.89219410140832,-57.96337012425991
06441,La Plata,92,"JARDÍN DE INFANTES Nº907 ""MARIA LUISA ROQUES""",Región 1,0001JI0907,60889400,Educación Común,Nivel Inicial,18 E/ 487 Y 488 - 4440,221-484-0352,21301,jardin907laplata@abc.gob.ar,Estatal,Oficial,JARDÍN DE INFANTES,INTERIOR,Urbano,0,Oficial,SEDE,Primera,Dirección Provincial de Educación Inicial,600101386,Inicial 2026,116,58,58,8,"MAÑANA,TARDE",608894,0,907,-34.881312337128136,-58.03316503729108
06441,La Plata,93,"JARDÍN DE INFANTES Nº908 ""ALBERTI SCHWEITZER""",Región 1,0001JI0908,60900200,Educación Común,Nivel Inicial,63 E/ 21 Y 22 - 1328,221-452-5621,,jardin908.laplata@outlook.es,Estatal,Oficial,JARDÍN DE INFANTES,INTERIOR,Urbano,0,Oficial,SEDE,Primera,Dirección Provincial de Educación Inicial,600101393,Inicial 2026,228,136,92,12,"MAÑANA,TARDE",609002,0,908,-34.93722633292517,-57.95299259132855
06441,La Plata,94,"JARDÍN DE INFANTES Nº909 ""CONRADO NALE ROXLO""",Región 1,0001JI0909,61139000,Educación Común,Nivel Inicial,63 ESQ. 140 - 1482,221-450-5041,21173,jardin909laplata@abc.gob.ar,Estatal,Oficial,JARDÍN DE INFANTES,INTERIOR,Urbano,0,Oficial,SEDE,Primera,Dirección Provincial de Educación Inicial,600105400,Inicial 2026,289,149,140,12,"MAÑANA,TARDE",611390,0,909,-34.95447643910411,-57.97250540145728
06441,La Plata,95,"JARDÍN DE INFANTES Nº910 ""ALMIRANTE BROWN""",Región 1,0001JI0910,60285000,Educación Común,Nivel Inicial,521 - S/N,221-425-6862,21395,jardin910laplata@abc.gob.ar,Estatal,Oficial,JARDÍN DE INFANTES,INTERIOR,Urbano,0,Oficial,SEDE,Primera,Dirección Provincial de Educación Inicial,600101408,Inicial 2026,153,76,77,10,"MAÑANA,TARDE",602850,0,910,-34.89850558965782,-57.98902796706115
06441,La Plata,96,"JARDÍN DE INFANTES Nº911 ""GABRIELA MISTRAL""",Región 1,0001JI0911,60297900,Educación Común,Nivel Inicial,14A - 558,221-480-1846,21004,jardin911laplata@abc.gob.ar,Estatal,Oficial,JARDÍN DE INFANTES,INTERIOR,Urbano,0,Oficial,SEDE,Primera,Dirección Provincial de Educación Inicial,600101412,Inicial 2026,160,81,79,10,"MAÑANA,TARDE",602979,0,911,-34.86913981824515,-58.049097423202475
06441,La Plata,97,"JARDÍN DE INFANTES Nº912 ""RICARDO GUTIERREZ""",Región 1,0001JI0912,60315100,Educación Común,Nivel Inicial,76 E/23 Y 24 - S/N,221-512-2185,21418,jardin912laplata@abc.gob.ar,Estatal,Oficial,JARDÍN DE INFANTES,INTERIOR,Urbano,0,Oficial,SEDE,Primera,Dirección Provincial de Educación Inicial,600105561,Inicial 2026,54,29,25,6,"MAÑANA,TARDE",603151,0,912,-34.949477490497735,-57.94076127341616
06441,La Plata,98,"JARDÍN DE INFANTES Nº913 ""JUAN CRISTIAN ANDERSEN""",Región 1,0001JI0913,60298000,Educación Común,Nivel Inicial,28 E/ 471 Y 472 - 480,221-567-5073,,jardin913laplata@abc.gob.ar,Estatal,Oficial,JARDÍN DE INFANTES,INTERIOR,Urbano,0,Oficial,SEDE,Primera,Dirección Provincial de Educación Inicial,600101431,Inicial 2026,75,38,37,3,"""DOBLE ESCOLARIDAD""",602980,0,913,-34.88705980569886,-58.05869693541409
06441,La Plata,99,"JARDÍN DE INFANTES Nº914 ""PATRICIAS ARGENTINAS""",Región 1,0001JI0914,61136200,Educación Común,Nivel Inicial,42 E/ 22 Y 23 - 501,221-470-1861,21909,jardin914laplata@abc.gob.ar,Estatal,Oficial,JARDÍN DE INFANTES,INTERIOR,Urbano,0,Oficial,SEDE,Primera,Dirección Provincial de Educación Inicial,600101449,Inicial 2026,238,112,126,12,"MAÑANA,TARDE",611362,0,914,-34.92312040997537,-57.973331395221564
06441,La Plata,100,"JARDÍN DE INFANTES Nº 915 ""VICTORIA OCAMPO""",Región 1,0001JI0915,60931400,Educación Común,Nivel Inicial,36 - 51,-,,jardin915laplata@abc.gob.ar,Estatal,Oficial,JARDÍN DE INFANTES,INTERIOR,Urbano,0,Oficial,SEDE,Segunda,Dirección Provincial de Educación Inicial,600101454,Inicial 2026,45,21,24,5,"""DOBLE ESCOLARIDAD"",MAÑANA,TARDE",609314,0,915,-34.89199309420214,-57.95100311379619
06441,La Plata,101,"JARDÍN DE INFANTES Nº916 ""NOMEOLVIDES""",Región 1,0001JI0916,60900700,Educación Común,Nivel Inicial,17 E/ 66 Y 67 - 1687,221-451-5785,21187,nomeolvides916@hotmail.com,Estatal,Oficial,JARDÍN DE INFANTES,INTERIOR,Urbano,0,Oficial,SEDE,Primera,Dirección Provincial de Educación Inicial,600101465,Inicial 2026,166,80,86,10,"MAÑANA,TARDE",609007,0,916,-34.93601960371791,-57.944341393833646
06441,La Plata,102,"JARDÍN DE INFANTES Nº917 ""TAMBOR DE TACUARI""",Región 1,0001JI0917,61139800,Educación Común,Nivel Inicial,48 ESQUINA 23 - S/N,221-451-5595,21330,mgmombiela@hotmail.com.ar,Estatal,Oficial,JARDÍN DE INFANTES,INTERIOR,Urbano,0,Oficial,SEDE,Primera,Dirección Provincial de Educación Inicial,600100935,Inicial 2026,149,79,70,12,"""DOBLE ESCOLARIDAD"",MAÑANA,TARDE",611398,0,917,-34.928667284464,-57.967332820946716
06441,La Plata,103,"JARDÍN DE INFANTES Nº 918 ""DR. RENÉ FAVALORO""",Región 1,0001JI0918,60291600,Educación Común,Nivel Inicial,DIAGONAL 74 - 2131,221-452-0353,21023,jardin918laplata@abc.gob.ar,Estatal,Oficial,JARDÍN DE INFANTES,INTERIOR,Urbano,0,Oficial,SEDE,Primera,Dirección Provincial de Educación Inicial,600101477,Inicial 2026,121,65,56,10,"MAÑANA,TARDE",602916,0,918,-34.927237623214005,-57.95450231202565
06441,La Plata,104,"JARDÍN DE INFANTES Nº919 ""COSTANCIO C. VIGIL""",Región 1,0001JI0919,60889500,Educación Común,Nivel Inicial,16 E/ 501 Y REPÚBLICA DE LOS NIÑOS - S/N,221-484-7513,,jardin919laplata@abc.gob.ar,Estatal,Oficial,JARDÍN DE INFANTES,INTERIOR,Urbano,0,Oficial,SEDE,Primera,Dirección Provincial de Educación Inicial,600101483,Inicial 2026,121,58,63,10,"MAÑANA,TARDE",608895,0,919,-34.882327405682105,-58.01417933190515
06441,La Plata,105,"JARDÍN DE INFANTES Nº920 ""ALFONSINA STORNI""",Región 1,0001JI0920,60642900,Educación Común,Nivel Inicial,41 - S/N,221-424-1184,21108,jardin920laplata@abc.gob.ar,Estatal,Oficial,JARDÍN DE INFANTES,INTERIOR,Urbano,0,Oficial,SEDE,Primera,Dirección Provincial de Educación Inicial,600101496,Inicial 2026,86,42,44,6,"MAÑANA,TARDE",606429,0,920,-34.900008169350535,-57.9500955082587
06441,La Plata,106,"JARDÍN DE INFANTES Nº921 ""JOSÉ SEBASTIAN TALLON""",Región 1,0001JI0921,60051300,Educación Común,Nivel Inicial,486 E/ 135 Y 136 - S/N,221-471-0991,21297,ji001921@abc.gov.ar,Estatal,Oficial,JARDÍN DE INFANTES,INTERIOR,Urbano,1,Oficial,SEDE,Primera,Dirección Provincial de Educación Inicial,600101505,Inicial 2026,112,54,58,7,"MAÑANA,TARDE",600513,0,921,-34.90147062116929,-58.04125089500765
06441,La Plata,107,"JARDÍN DE INFANTES Nº922 ""ROSARIO VERA PEÑALOZA""",Región 1,0001JI0922,60284900,Educación Común,Nivel Inicial,25 E/ 525 Y 526 - S/N,221-479-8630,21329,jardin922laplata@abc.gob.ar,Estatal,Oficial,JARDÍN DE INFANTES,INTERIOR,Urbano,0,Oficial,SEDE,Primera,Dirección Provincial de Educación Inicial,600101514,Inicial 2026,144,79,65,8,"MAÑANA,TARDE",602849,0,922,-34.91263215760467,-57.993393353861975
06441,La Plata,108,"JARDÍN DE INFANTES Nº923 ""DR. ALBERT SABIN""",Región 1,0001JI0923,60889900,Educación Común,Nivel Inicial,12 E/ 511 Y 512 - S/N,221-471-6581,,jardin923laplata@abc.gob.ar,Estatal,Oficial,JARDÍN DE INFANTES,INTERIOR,Urbano,0,Oficial,SEDE,Primera,Dirección Provincial de Educación Inicial,600101522,Inicial 2026,123,65,58,10,"MAÑANA,TARDE",608899,0,923,-34.887931013002536,-57.99748043237028
06441,La Plata,109,"JARDÍN DE INFANTES Nº924 ""FLORENTINO AMEGHINO""",Región 1,0001JI0924,60887400,Educación Común,Nivel Inicial,409 Y DIAGONAL 144 - 4711,221-474-2428,68912,jardin924laplata@abc.gob.ar,Estatal,Oficial,JARDÍN DE INFANTES,INTERIOR,Urbano,1,Oficial,SEDE,Primera,Dirección Provincial de Educación Inicial,600101533,Inicial 2026,187,93,94,8,"MAÑANA,TARDE",608874,0,924,-34.88583267394244,-58.13358454306804
06441,La Plata,110,"JARDÍN DE INFANTES Nº925 ""MARIA E. FIGUEROA""",Región 1,0001JI0925,60883500,Educación Común,Nivel Inicial,116 E/ 68 Y 69 - S/N,221-483-5877,21265,jardin925laplata@abc.gob.ar,Estatal,Oficial,JARDÍN DE INFANTES,INTERIOR,Urbano,0,Oficial,SEDE,Primera,Dirección Provincial de Educación Inicial,600101546,Inicial 2026,200,99,101,12,"MAÑANA,TARDE",608835,0,925,-34.92077247616477,-57.923724472799236
06441,La Plata,111,"JARDÍN DE INFANTES Nº926 ""VICENTE BARBIERI""",Región 1,0001JI0926,60297100,Educación Común,Nivel Inicial,495 - 3002,221-471-2095,,minnaro@abc.gob.ar,Estatal,Oficial,JARDÍN DE INFANTES,INTERIOR,Urbano,0,Oficial,SEDE,Primera,Dirección Provincial de Educación Inicial,600101551,Inicial 2026,76,43,33,6,"MAÑANA,TARDE",602971,0,926,-34.89133988044508,-58.02663519377282
06441,La Plata,112,"JARDÍN DE INFANTES Nº927 ""ALFONSINA STORNI""",Región 1,0001JI0927,60051100,Educación Común,Nivel Inicial,47 E/ 195 Y 196 - S/N,221-496-2953,21279,jardin927laplata@abc.gob.ar,Estatal,Oficial,JARDÍN DE INFANTES,INTERIOR,Urbano,1,Oficial,SEDE,Primera,Dirección Provincial de Educación Inicial,600101567,Inicial 2026,254,130,124,10,"MAÑANA,TARDE",600511,0,927,-34.996276159314355,-58.04340046715271
06441,La Plata,113,"JARDÍN DE INFANTES Nº928 ""MARÍA EVA DUARTE DE PERÓN""",Región 1,0001JI0928,60317500,Educación Común,Nivel Inicial,139 - 1420,221-479-9330,21407,jardin928laplata@abc.gob.ar,Estatal,Oficial,JARDÍN DE INFANTES,INTERIOR,Urbano,0,Oficial,SEDE,Primera,Dirección Provincial de Educación Inicial,600101579,Inicial 2026,285,150,135,14,"MAÑANA,TARDE",603175,0,928,-34.91914927001965,-58.018495020123616
06441,La Plata,114,"JARDÍN DE INFANTES Nº929 ""COMANDANTE LUIS PIEDRA BUENA""",Región 1,0001JI0929,60897800,Educación Común,Nivel Inicial,2 E/ 37 Y 38 - 278,221-424-7862,,ji001929@abc.gov.ar,Estatal,Oficial,JARDÍN DE INFANTES,INTERIOR,Urbano,0,Oficial,SEDE,Primera,Dirección Provincial de Educación Inicial,600101580,Inicial 2026,148,62,86,10,"MAÑANA,TARDE",608978,0,929,-34.900471229759745,-57.957301183896135
06441,La Plata,115,JARDÍN DE INFANTES Nº930,Región 1,0001JI0930,60923900,Educación Común,Nivel Inicial,212 - 1229,221-491-3716,,jardin930laplata@abc.gob.ar,Estatal,Oficial,JARDÍN DE INFANTES,INTERIOR,Urbano,1,Oficial,SEDE,Primera,Dirección Provincial de Educación Inicial,600101598,Inicial 2026,175,71,104,10,"MAÑANA,TARDE",609239,0,930,-34.98866504035682,-58.09122926891113
06441,La Plata,116,"JARDÍN DE INFANTES Nº931 ""MARIANO MORENO""",Región 1,0001JI0931,60284500,Educación Común,Nivel Inicial,520 E/ 5 Y 5 BIS - S/N,221-471-4520,68940,jardin931laplata@abc.gob.ar,Estatal,Oficial,JARDÍN DE INFANTES,INTERIOR,Urbano,0,Oficial,SEDE,Primera,Dirección Provincial de Educación Inicial,600101607,Inicial 2026,85,39,46,6,"MAÑANA,TARDE",602845,0,931,-34.888840890608044,-57.98123759944171
06441,La Plata,117,"JARDÍN DE INFANTES Nº932 ""JUAN VUCETICH""",Región 1,0001JI0932,60284800,Educación Común,Nivel Inicial,3 - 470,221-489-5095,,jardin932laplata@abc.gob.ar,Estatal,Oficial,JARDÍN DE INFANTES,INTERIOR,Urbano,0,Oficial,SEDE,Primera,Dirección Provincial de Educación Inicial,600101611,Inicial 2026,78,38,40,6,"MAÑANA,TARDE",602848,0,932,-34.89303947827107,-57.970163617532506
06441,La Plata,118,"JARDÍN DE INFANTES Nº933 ""MARTÍN FIERRO""",Región 1,0001JI0933,60306100,Educación Común,Nivel Inicial,26 E/ 452 Y 453 - S/N,221-480-3197,,jardin933laplata@abc.gob.ar,Estatal,Oficial,JARDÍN DE INFANTES,INTERIOR,Urbano,0,Oficial,SEDE,Segunda,Dirección Provincial de Educación Inicial,600105266,Inicial 2026,74,37,37,5,"MAÑANA,TARDE",603061,0,933,-34.87995711754412,-58.076197844646664
06441,La Plata,119,"JARDÍN DE INFANTES Nº934 ""MERCEDITAS DE SAN MARTÍN""",Región 1,0001JI0934,60898300,Educación Común,Nivel Inicial,32 E/ 6 Y 7 - 574,221-482-1864,21313,ji001934@gba.gov.ar,Estatal,Oficial,JARDÍN DE INFANTES,INTERIOR,Urbano,0,Oficial,SEDE,Primera,Dirección Provincial de Educación Inicial,600105324,Inicial 2026,163,72,91,10,"MAÑANA,TARDE",608983,0,934,-34.90016218851818,-57.9682310955712
06441,La Plata,121,"JARDÍN DE INFANTES Nº936 ""FRYDA SCHULTZ DE MANTOVANI""",Región 1,0001JI0936,60308900,Educación Común,Nivel Inicial,62 E/27 Y 28 - 1628,221-457-0476,21332,mscatolini@abc.gob.ar,Estatal,Oficial,JARDÍN DE INFANTES,INTERIOR,Urbano,0,Oficial,SEDE,Primera,Dirección Provincial de Educación Inicial,600101630,Inicial 2026,142,76,66,8,"MAÑANA,TARDE",603089,0,936,-34.942217951593534,-57.960416441759044
06441,La Plata,122,"JARDÍN DE INFANTES Nº937 ""MALVINAS ARGENTINA""",Región 1,0001JI0937,60887300,Educación Común,Nivel Inicial,30 ESQ. 412 - 2684,221-474-2586,21349,nadiamichemberg@hotmail.com,Estatal,Oficial,JARDÍN DE INFANTES,INTERIOR,Urbano,0,Oficial,SEDE,Primera,Dirección Provincial de Educación Inicial,600101648,Inicial 2026,76,42,34,6,"MAÑANA,TARDE",608873,0,937,-34.869904099891905,-58.10935174218488
06441,La Plata,123,"JARDÍN DE INFANTES Nº938 ""GREGORIA MATORRAS DE SAN MARTÍN""",Región 1,0001JI0938,60285800,Educación Común,Nivel Inicial,9 E/38 Y 39 - 318,221-489-5458,21400,adrianaelvirapistis@gmail.com,Estatal,Oficial,JARDÍN DE INFANTES,INTERIOR,Urbano,0,Oficial,SEDE,Primera,Dirección Provincial de Educación Inicial,600101301,Inicial 2026,100,50,50,8,"MAÑANA,TARDE",602858,0,938,-34.90773861630474,-57.963574825479476
06441,La Plata,124,"JARDÍN DE INFANTES Nº939 ""REPUBLICA DEL ECUADOR""",Región 1,0001JI0939,61136400,Educación Común,Nivel Inicial,47 E/ 27 Y 28 - 1637,221-479-7895,69425,jardin939republicadelecuador@gmail.com,Estatal,Oficial,JARDÍN DE INFANTES,INTERIOR,Urbano,0,Oficial,SEDE,Primera,Dirección Provincial de Educación Inicial,600101653,Inicial 2026,109,68,41,8,"MAÑANA,TARDE",611364,0,939,-34.93228465271098,-57.973390401539675
06441,La Plata,125,"JARDÍN DE INFANTES Nº940 ""GLADYS MABEL GUADIX""",Región 1,0001JI0940,60288000,Educación Común,Nivel Inicial,186 Y 492 - S/N,221-491-4083,,jardin940laplata@abc.gob.ar,Estatal,Oficial,JARDÍN DE INFANTES,INTERIOR,Rural Disperso,2,Oficial,SEDE,Primera,Dirección Provincial de Educación Inicial,600105330,Inicial 2026,153,81,72,6,"""DOBLE ESCOLARIDAD"",MAÑANA,TARDE",602880,0,940,-34.94438707448452,-58.09022748928387
06441,La Plata,126,"JARDÍN DE INFANTES Nº941 ""BERNARDINO RIVADAVIA""",Región 1,0001JI0941,60640900,Educación Común,Nivel Inicial,421 BIS ESQ.7 - S/N,221-487-1827,21422,minidito941@yahoo.com.ar,Estatal,Oficial,JARDÍN DE INFANTES,INTERIOR,Urbano,0,Oficial,SEDE,Primera,Dirección Provincial de Educación Inicial,600101669,Inicial 2026,130,65,65,8,"""DOBLE ESCOLARIDAD"",MAÑANA,TARDE",606409,0,941,-34.85614398695281,-58.07784039071679
06441,La Plata,127,"JARDÍN DE INFANTES Nº942 ""DOCTORA CECILIA GRIERSON""",Región 1,0001JI0942,60305500,Educación Común,Nivel Inicial,469 E/ 7 Y 8 BIS - S/N,221-472-4444,21361,jardin942laplata@abc.gob.ar,Estatal,Oficial,JARDÍN DE INFANTES,INTERIOR,Urbano,0,Oficial,SEDE,Primera,Dirección Provincial de Educación Inicial,600101676,Inicial 2026,46,21,25,6,"MAÑANA,TARDE",603055,0,942,-34.859413692584944,-58.0429750788317
06441,La Plata,128,"JARDÍN DE INFANTES Nº943 ""MINISTRO ZARINI""",Región 1,0001JI0943,61136800,Educación Común,Nivel Inicial,PLAZA MAXIMO PAZ E/ 13 Y 60 - 175,221-452-2899,22192,mirabramo@abc.gob.ar,Estatal,Oficial,JARDÍN DE INFANTES,INTERIOR,Urbano,0,Oficial,SEDE,Primera,Dirección Provincial de Educación Inicial,600101682,Inicial 2026,246,117,129,10,"MAÑANA,TARDE",611368,0,943,-34.92661797700175,-57.94690553402968
06441,La Plata,129,"JARDÍN DE INFANTES Nº944 ""JUAN RAMÓN JIMÉNEZ""",Región 1,0001JI0944,60283200,Educación Común,Nivel Inicial,48 Y 9 - 705,221-421-7856,21500,maluise@abc.gob.ar,Estatal,Oficial,JARDÍN DE INFANTES,INTERIOR,Urbano,0,Oficial,SEDE,Primera,Dirección Provincial de Educación Inicial,600101695,Inicial 2026,117,55,62,8,"MAÑANA,TARDE",602832,0,944,-34.915677801485614,-57.95357326738595
06441,La Plata,130,"JARDÍN DE INFANTES Nº 945  ""ANTOINE DE SAINT EXUPÉRY""",Región 1,0001JI0945,60289400,Educación Común,Nivel Inicial,427 - 9661,229-49-1818,,jardin945laplata@abc.gob.ar,Estatal,Oficial,JARDÍN DE INFANTES,INTERIOR,Rural Disperso,2,Oficial,SEDE,Primera,Dirección Provincial de Educación Inicial,600101703,Inicial 2026,124,70,54,8,"MAÑANA,TARDE",602894,0,945,-34.92144168612281,-58.14346293730913
06441,La Plata,131,"JARDÍN DE INFANTES Nº946 ""MARINA MARGARITA RAVIOLI""",Región 1,0001JI0946,60416700,Educación Común,Nivel Inicial,144 E/ 11 Y 454 - S/N,221-656-7327,21373,jardin946laplata@abc.gob.ar,Estatal,Oficial,JARDÍN DE INFANTES,INTERIOR,Urbano,1,Oficial,SEDE,Segunda,Dirección Provincial de Educación Inicial,600101719,Inicial 2026,44,25,19,4,"MAÑANA,TARDE",604167,0,946,-34.90262005134994,-58.075895551343315
06441,La Plata,132,"JARDÍN DE INFANTES Nº947 ""DARDO ROCHA""",Región 1,0001JI0947,60287600,Educación Común,Nivel Inicial,52 ESQUINA 207 - 5620,221-496-4191,68855,anasonhar@msn.com,Estatal,Oficial,JARDÍN DE INFANTES,INTERIOR,Urbano,2,Oficial,SEDE,Primera,Dirección Provincial de Educación Inicial,600101726,Inicial 2026,127,66,61,6,"MAÑANA,TARDE",602876,0,947,-35.01013088771231,-58.05155146180201
06441,La Plata,133,"JARDÍN DE INFANTES Nº948 ""JORGE ALBERTO SIMINI""",Región 1,0001JI0948,60922800,Educación Común,Nivel Inicial,3 E/613 Y 616 (BARRIO AEROPUERTO) - S/N,221-486-0160,,gabrielalozano@live.com.ar,Estatal,Oficial,JARDÍN DE INFANTES,INTERIOR,Urbano,0,Oficial,SEDE,Primera,Dirección Provincial de Educación Inicial,600101735,Inicial 2026,188,79,109,8,"MAÑANA,TARDE",609228,0,948,-34.95691918120627,-57.8846422283328
06441,La Plata,134,"JARDÍN DE INFANTES Nº949 ""DIONISO ASCUÉNAGA""",Región 1,0001JI0949,60287500,Educación Común,Nivel Inicial,52 E/ 235 Y 238 - S/N,221-496-2857,21000,sil13manaut@hotmail.com,Estatal,Oficial,JARDÍN DE INFANTES,INTERIOR,Urbano,2,Oficial,SEDE,Primera,Dirección Provincial de Educación Inicial,600101742,Inicial 2026,242,117,125,10,"MAÑANA,TARDE",602875,0,949,-35.03334906940137,-58.07682418738168
06441,La Plata,135,"JARDÍN DE INFANTES Nº950 ""DR.CARLOS SAAVEDRA LAMAS""",Región 1,0001JI0950,60285600,Educación Común,Nivel Inicial,36 E/ 16 Y 17 - S/N,221-425-9241,60886,jardin950laplata@abc.gob.ar,Estatal,Oficial,JARDÍN DE INFANTES,INTERIOR,Urbano,0,Oficial,SEDE,Primera,Dirección Provincial de Educación Inicial,600101757,Inicial 2026,115,54,61,8,"MAÑANA,TARDE",602856,0,950,-34.91293973817486,-57.974740556425395
06441,La Plata,136,"JARDÍN DE INFANTES Nº 951 ""LIA ESTHER GIUSTI""",Región 1,0001JI0951,60075900,Educación Común,Nivel Inicial,8 - 1292,221-422-1792,21499,jardin951laplata@abc.gob.ar,Estatal,Oficial,JARDÍN DE INFANTES,INTERIOR,Urbano,0,Oficial,SEDE,Primera,Dirección Provincial de Educación Inicial,600101761,Inicial 2026,127,67,60,6,"MAÑANA,TARDE",600759,0,951,-34.92073304538986,-57.94390036180564
06441,La Plata,137,"JARDÍN DE INFANTES Nº 952 ""JOSÉ HERNÁNDEZ""",Región 1,0001JI0952,60283900,Educación Común,Nivel Inicial,62 - 430,221-422-3489,23489,jardin952laplata@abc.gob.ar,Estatal,Oficial,JARDÍN DE INFANTES,INTERIOR,Urbano,0,Oficial,SEDE,Primera,Dirección Provincial de Educación Inicial,600101774,Inicial 2026,86,47,39,6,"MAÑANA,TARDE",602839,0,952,-34.91954670741065,-57.93561334027668
06441,La Plata,138,"JARDÍN DE INFANTES Nº953 ""CLOTILDE GUILLEN DE REZZANO""",Región 1,0001JI0953,60898800,Educación Común,Nivel Inicial,133 Y 510 - S/N,221-471-4557,21366,jardin953laplata@abc.gob.ar,Estatal,Oficial,JARDÍN DE INFANTES,INTERIOR,Urbano,1,Oficial,SEDE,Primera,Dirección Provincial de Educación Inicial,600101788,Inicial 2026,139,73,66,8,"MAÑANA,TARDE",608988,0,953,-34.90671196538179,-58.02139964237418
06441,La Plata,139,"JARDÍN DE INFANTES Nº954 ""DR. RICARDO A FUERTES""",Región 1,0001JI0954,60291300,Educación Común,Nivel Inicial,54 - 1236,221-457-1760,21199,ji001954@hotmail.com,Estatal,Oficial,JARDÍN DE INFANTES,INTERIOR,Urbano,0,Oficial,SEDE,Primera,Dirección Provincial de Educación Inicial,600101790,Inicial 2026,131,69,62,6,"""DOBLE ESCOLARIDAD""",602913,0,954,-34.92875840197496,-57.959927397624945
06441,La Plata,140,"JARDÍN DE INFANTES Nº955 ""ATILIO BOVERI""",Región 1,0001JI0955,60899800,Educación Común,Nivel Inicial,11 E/ 490 Y 491 - 4468,221-471-4215,21364,jardin955laplata@abc.gob.ar,Estatal,Oficial,JARDÍN DE INFANTES,INTERIOR,Urbano,1,Oficial,SEDE,Primera,Dirección Provincial de Educación Inicial,600101800,Inicial 2026,94,47,47,6,"""DOBLE ESCOLARIDAD"",MAÑANA,TARDE",608998,0,955,-34.87292554587413,-58.019529460810546
06441,La Plata,141,"JARDÍN DE INFANTES Nº956 ""JOAQUIN V. GONZALEZ""",Región 1,0001JI0956,60890000,Educación Común,Nivel Inicial,30 ESQ. 73 - 2004,221-457-8717,21416,jardin956laplata@abc.gob.ar,Estatal,Oficial,JARDÍN DE INFANTES,INTERIOR,Urbano,0,Oficial,SEDE,Primera,Dirección Provincial de Educación Inicial,600101816,Inicial 2026,141,62,79,8,"MAÑANA,TARDE",608900,0,956,-34.95362831723577,-57.94987589375693
06441,La Plata,142,"JARDÍN DE INFANTES Nº 957 ""GERMÁN BERDIALES""",Región 1,0001JI0957,61061100,Educación Común,Nivel Inicial,461 C - 599,221-472-3636,21354,scruz6@abc.gob.ar,Estatal,Oficial,JARDÍN DE INFANTES,INTERIOR,Urbano,0,Oficial,SEDE,Primera,Dirección Provincial de Educación Inicial,600101828,Inicial 2026,104,54,50,7,"MAÑANA,TARDE",610611,0,957,-34.868201502327366,-58.05833637277904
06441,La Plata,143,"JARDÍN DE INFANTES Nº958 ""OTILIA ALDAZABAL DE TORINO""",Región 1,0001JI0958,60926100,Educación Común,Nivel Inicial,155 E/ 44 Y 45 - 621,221-479-5911,,jardin958laplata@abc.gob.ar,Estatal,Oficial,JARDÍN DE INFANTES,INTERIOR,Urbano,0,Oficial,SEDE,Primera,Dirección Provincial de Educación Inicial,600101837,Inicial 2026,254,131,123,10,"MAÑANA,TARDE",609261,0,958,-34.95660729498744,-58.00491210870122
06441,La Plata,144,"JARDÍN DE INFANTES Nº959 ""MADRE TERESA DE CALCUTA""",Región 1,0001JI0959,60287700,Educación Común,Nivel Inicial,RUTA 2 KM 43.800 - S/N,2229-49-2654,,disalvogladys@gmail.com,Estatal,Oficial,JARDÍN DE INFANTES,INTERIOR,Urbano,2,Oficial,SEDE,Primera,Dirección Provincial de Educación Inicial,600101844,Inicial 2026,225,108,117,8,"INTERMEDIO,MAÑANA",602877,0,959,-34.925985112611066,-58.178897113179104
06441,La Plata,145,"JARDÍN DE INFANTES Nº960 ""JAVIER VILLAFAÑE""",Región 1,0001JI0960,60073400,Educación Común,Nivel Inicial,443 E/CAMINO GENERAL BELGRANO Y 24 - S/N,221-545-2922,21334,jardin960laplata@abc.gob.ar,Estatal,Oficial,JARDÍN DE INFANTES,INTERIOR,Urbano,0,Oficial,SEDE,Primera,Dirección Provincial de Educación Inicial,600101859,Inicial 2026,107,55,52,6,"MAÑANA,TARDE",600734,0,960,-34.875684886245935,-58.0866144131201
06441,La Plata,146,"JARDÍN DE INFANTES Nº961 ""LAS CASUARINAS""",Región 1,0001JI0961,60924100,Educación Común,Nivel Inicial,182 E/ 42 Y 43 - S/N,221-496-1729,69132,oji0010961@abc.gov.ar,Estatal,Oficial,JARDÍN DE INFANTES,INTERIOR,Urbano,0,Oficial,SEDE,Primera,Dirección Provincial de Educación Inicial,600101863,Inicial 2026,160,82,78,6,"MAÑANA,TARDE",609241,0,961,-34.98013297701706,-58.03471106918784
06441,La Plata,147,"JARDÍN DE INFANTES Nº 962 ""LOLA MORA""",Región 1,0001JI0962,60322100,Educación Común,Nivel Inicial,135 E/ 37 Y 38 - S/N,221-479-9740,21408,jardin962laplata@abc.gob.ar,Estatal,Oficial,JARDÍN DE INFANTES,INTERIOR,Urbano,0,Oficial,SEDE,Primera,Dirección Provincial de Educación Inicial,600101871,Inicial 2026,122,57,65,8,"MAÑANA,TARDE",603221,0,962,-34.931642105095676,-57.991723434882765
06441,La Plata,148,JARDÍN DE INFANTES Nº963 “CLAUDIA PATE”,Región 1,0001JI0963,60886800,Educación Común,Nivel Inicial,70 - 2380,221-456-3962,,jardin963laplata@abc.gob.ar,Estatal,Oficial,JARDÍN DE INFANTES,INTERIOR,Urbano,0,Oficial,SEDE,Primera,Dirección Provincial de Educación Inicial,600101885,Inicial 2026,195,106,89,8,"MAÑANA,TARDE",608868,0,963,-34.96301990454134,-57.96689521353704
06441,La Plata,149,"JARDÍN DE INFANTES Nº964 ""BENITO QUINQUELA MARTÍN""",Región 1,0001JI0964,61139100,Educación Común,Nivel Inicial,142 - 1623,221-456-3086,21369,mmari7@abc.gob.ar,Estatal,Oficial,JARDÍN DE INFANTES,INTERIOR,Urbano,0,Oficial,SEDE,Primera,Dirección Provincial de Educación Inicial,600101892,Inicial 2026,152,84,68,8,"MAÑANA,TARDE",611391,0,964,-34.958771194231645,-57.97187474082047
06441,La Plata,150,"JARDÍN DE INFANTES Nº 965 ""OSCAR OLIVARES""",Región 1,0001JI0965,60923500,Educación Común,Nivel Inicial,90 E/152 Y 155 - S/N,221-15-419-3008,,jardin965laplata@abc.gob.ar,Estatal,Oficial,JARDÍN DE INFANTES,INTERIOR,Rural Disperso,3,Oficial,SEDE,Primera,Dirección Provincial de Educación Inicial,600101902,Inicial 2026,158,80,78,8,"MAÑANA,TARDE",609235,0,965,-34.989010560785026,-57.95867803245884
06441,La Plata,151,"JARDÍN DE INFANTES Nº966 ""ROBERTO THEMIS SPERONI""",Región 1,0001JI0966,61203200,Educación Común,Nivel Inicial,465 E/ CAMINO GENERAL BELGRANO Y 21B - S/N,221-472-0713,,isperoni@yahoo.com.ar,Estatal,Oficial,JARDÍN DE INFANTES,INTERIOR,Urbano,0,Oficial,SEDE,Primera,Dirección Provincial de Educación Inicial,600101270,Inicial 2026,61,27,34,3,TARDE,612032,0,966,-34.879463935347694,-58.06019409935319
06441,La Plata,152,"JARDÍN DE INFANTES Nº967 ""MARY O'GRAHAM""",Región 1,0001JI0967,60291700,Educación Común,Nivel Inicial,15 ESQ. 50 - 975,221-421-5093,21064,jardin967laplata@abc.gob.ar,Estatal,Oficial,JARDÍN DE INFANTES,INTERIOR,Urbano,0,Oficial,SEDE,Primera,Dirección Provincial de Educación Inicial,600101289,Inicial 2026,241,129,112,12,"MAÑANA,TARDE",602917,0,967,-34.922320029570514,-57.95769765163102
06441,La Plata,153,"JARDÍN DE INFANTES Nº968 ""DARDO ROCHA""",Región 1,0001JI0968,60883300,Educación Común,Nivel Inicial,5 (ESQ. 58) - 493,221-483-9592,,jardin968laplata@abc.gob.ar,Estatal,Oficial,JARDÍN DE INFANTES,INTERIOR,Urbano,0,Oficial,SEDE,Primera,Dirección Provincial de Educación Inicial,600100942,Inicial 2026,124,47,77,8,"MAÑANA,TARDE",608833,0,968,-34.916956215652974,-57.94177279337308
06441,La Plata,154,"JARDÍN DE INFANTES Nº969 ""ALMAFUERTE""",Región 1,0001JI0969,60283400,Educación Común,Nivel Inicial,8 E/ 57 Y 58 - 1243,221-421-0465,21078,ji969normal3@hotmail.com.ar,Estatal,Oficial,JARDÍN DE INFANTES,INTERIOR,Urbano,0,Oficial,SEDE,Primera,Dirección Provincial de Educación Inicial,600101236,Inicial 2026,111,59,52,6,"MAÑANA,TARDE",602834,0,969,-34.919966801422916,-57.94562954136364
06441,La Plata,155,"JARDÍN MATERNAL Nº1 ""MARIQUITA S. DE THOMPSON""",Región 1,0001JM0001,61498800,Educación Común,Nivel Inicial,PLAZA MAXIMO PAZ - 161,221-542-4726,21196,maternal1laplata@outlook.com,Estatal,Oficial,JARDÍN MATERNAL,INTERIOR,Urbano,0,Oficial,SEDE,Primera,Dirección Provincial de Educación Inicial,600101682,Inicial 2026,176,102,74,13,"MAÑANA,TARDE",614988,0,1,-34.92666470380923,-57.94687030451434
06441,La Plata,156,"JARDÍN MATERNAL Nº 2 ""PABLO NERUDA""",Región 1,0001JM0002,61498900,Educación Común,Nivel Inicial,12 - 1373,221-457-7722,21202,jardinmaternal_2@hotmail.comr,Estatal,Oficial,JARDÍN MATERNAL,INTERIOR,Urbano,0,Oficial,SEDE,Primera,Dirección Provincial de Educación Inicial,600102117,Inicial 2026,122,66,56,10,"MAÑANA,TARDE",614989,0,2,-34.92607535686249,-57.946222335593056
06441,La Plata,157,"ESCUELA DE EDUCACIÓN SECUNDARIA AGRARIA Nº1 ""DR. ALEJANDRO KORN""",Región 1,0001MA0001,60923800,Educación Técnico Profesional,Nivel Secundario,"RUTA 36 KM 49,5 - S/N",221-491-4101/4060,,eesa1laplata@abc.gob.ar,Estatal,Oficial,ESCUELA DE EDUCACIÓN SECUNDARIA AGRARIA,INTERIOR,Rural Disperso,2,Oficial,SEDE,Segunda,Dirección Provincial de Educación Técnico Profesional,600102155,Inicial 2026,525,307,218,25,"""DOBLE ESCOLARIDAD"",MAÑANA,TARDE",609238,0,1,-34.947895903000614,-58.10302228988666
06441,La Plata,158,"ESCUELA DE EDUCACIÓN SECUNDARIA Nº1 ""MANUEL BELGRANO""",Región 1,0001MS0001,60878500,Educación Común,Nivel Secundario,38 Y 9 - 696,221-483-5014,,media1laplata@gmail.com,Estatal,Oficial,ESCUELA DE EDUCACIÓN SECUNDARIA,INTERIOR,Urbano,0,Oficial,SEDE,Primera,Dirección Provincial de Educación Secundaria,600101301,Inicial 2026,930,439,491,47,"MAÑANA,TARDE,VESPERTINO",608785,0,1,-34.90757371911236,-57.96380981825973
06441,La Plata,159,ESCUELA DE EDUCACIÓN SECUNDARIA Nº2 “LA LEGIÓN”,Región 1,0001MS0002,60641500,Educación Común,Nivel Secundario,PLAZA MAXIMO PAZ E/ 60 Y 61 - 199,221-451-1600,,teresazambotti@gmail.com,Estatal,Oficial,ESCUELA DE EDUCACIÓN SECUNDARIA,INTERIOR,Urbano,0,Oficial,SEDE,Primera,Dirección Provincial de Educación Secundaria,600101682,Inicial 2026,896,418,478,43,"INTERMEDIO,MAÑANA,VESPERTINO",606415,0,2,-34.926060658001546,-57.94690859642873
06441,La Plata,160,"ESCUELA DE EDUCACIÓN SECUNDARIA Nº3 ""NACIONES UNIDAS""",Región 1,0001MS0003,60890700,Educación Común,Nivel Secundario,140 E/ 62 Y 63 - S/N,221-450-5014,,eemn3@hotmail.com,Estatal,Oficial,ESCUELA DE EDUCACIÓN SECUNDARIA,INTERIOR,Urbano,0,Oficial,SEDE,Primera,Dirección Provincial de Educación Secundaria,600105395,Inicial 2026,1068,504,564,41,"MAÑANA,TARDE",608907,0,3,-34.953944011203596,-57.972944043726486
06441,La Plata,161,"ESCUELA DE EDUCACIÓN SECUNDARIA Nº4 ""19 DE NOVIEMBRE""",Región 1,0001MS0004,60891000,Educación Común,Nivel Secundario,14 A ESQ. 467 - S/N,221-480-1630,,ms0014@abc.gov.ar,Estatal,Oficial,ESCUELA DE EDUCACIÓN SECUNDARIA,INTERIOR,Urbano,0,Oficial,SEDE,Segunda,Dirección Provincial de Educación Secundaria,600102193,Inicial 2026,165,79,86,10,VESPERTINO,608910,0,4,-34.869318324678055,-58.04865464648971
06441,La Plata,162,"ESCUELA DE EDUCACIÓN SECUNDARIA Nº5 ""PERITO FRANCISCO MORENO""",Región 1,0001MS0005,60885300,Educación Común,Nivel Secundario,531 - S/N,221-423-3088,21389,secundaria5laplata@abc.gob.ar,Estatal,Oficial,ESCUELA DE EDUCACIÓN SECUNDARIA,INTERIOR,Urbano,0,Oficial,SEDE,Segunda,Dirección Provincial de Educación Secundaria,600102206,Inicial 2026,306,149,157,13,"MAÑANA,TARDE",608853,0,5,-34.89285626570878,-57.96291156992083
06441,La Plata,163,CENTRO EDUCATIVO DE NIVEL SECUNDARIO Nº458,Región 1,0001DM0458,60286700,Educación de Jóvenes y Adultos,Nivel Secundario,PLAZA ALSINA - 85,221-421-5849,,cens458laplata@abc.gob.ar,Estatal,Oficial,CENTRO EDUCATIVO DE NIVEL SECUNDARIO (C.E.N.S.),INTERIOR,Urbano,0,Oficial,SEDE,Segunda,"Dirección de Educación de Jóvenes, Adultos y Adultos Mayores",600100886,Inicial 2026,108,59,49,7,NOCHE,602867,0,458,-34.9000096167467,-57.956781373055506
06441,La Plata,164,"ESCUELA DE EDUCACIÓN SECUNDARIA Nº7 ""REPUBLICA ARGENTINA""",Región 1,0001MS0007,60887500,Educación Común,Nivel Secundario,409 - 4689,221-474-2558,,ees7arturosegui@gmail.com,Estatal,Oficial,ESCUELA DE EDUCACIÓN SECUNDARIA,INTERIOR,Urbano,1,Oficial,SEDE,Primera,Dirección Provincial de Educación Secundaria,600100893,Inicial 2026,562,260,302,28,"MAÑANA,TARDE,VESPERTINO",608875,0,7,-34.88534984495548,-58.13288768708659
06441,La Plata,165,"ESCUELA DE EDUCACIÓN SECUNDARIA Nº8 ""PEDRO BENOIT""",Región 1,0001MS0008,60888400,Educación Común,Nivel Secundario,48 - 723,221-427-2923,,ees8lp@gmail.com,Estatal,Oficial,ESCUELA DE EDUCACIÓN SECUNDARIA,INTERIOR,Urbano,0,Oficial,SEDE,Primera,Dirección Provincial de Educación Secundaria,600101695,Inicial 2026,720,329,391,35,"""DOBLE ESCOLARIDAD"",MAÑANA,TARDE,VESPERTINO",608884,0,8,-34.9158255645944,-57.95388833317356
06441,La Plata,166,ESCUELA DE EDUCACIÓN SECUNDARIA Nº9,Región 1,0001MS0009,60622200,Educación Común,Nivel Secundario,199 - 715,221-496-3744,,secundaria9laplata@gmail.com,Estatal,Oficial,ESCUELA DE EDUCACIÓN SECUNDARIA,INTERIOR,Urbano,1,Oficial,SEDE,Primera,Dirección Provincial de Educación Secundaria,600100903,Inicial 2026,687,340,347,26,"MAÑANA,TARDE",606222,0,9,-34.999590087654255,-58.04754003594283
06441,La Plata,167,CENTRO EDUCATIVO DE NIVEL SECUNDARIO Nº468,Región 1,0001DM0468,60882300,Educación de Jóvenes y Adultos,Nivel Secundario,DIAG. 73 - 1397,221-483-9466,,cens468donbosco@gmail.com,Estatal,Oficial,CENTRO EDUCATIVO DE NIVEL SECUNDARIO (C.E.N.S.),INTERIOR,Urbano,0,Oficial,SEDE,Segunda,"Dirección de Educación de Jóvenes, Adultos y Adultos Mayores",600100961,Inicial 2026,83,43,40,6,NOCHE,608823,0,468,-34.920744692009414,-57.9457211471075
06441,La Plata,168,"ESCUELA DE EDUCACIÓN SECUNDARIA Nº11 ""JUAN MANTOVANI""",Región 1,0001MS0011,60784200,Educación Común,Nivel Secundario,526 Y 24 - S/N,221-470-2964,,lasecundaria11@gmail.com,Estatal,Oficial,ESCUELA DE EDUCACIÓN SECUNDARIA,INTERIOR,Urbano,0,Oficial,SEDE,Primera,Dirección Provincial de Educación Secundaria,600102210,Inicial 2026,215,120,95,12,"MAÑANA,TARDE",607842,0,11,-34.911834187194636,-57.99309188737489
06441,La Plata,169,"ESCUELA DE EDUCACIÓN SECUNDARIA Nº12 ""MANUEL B GONNET""",Región 1,0001MS0012,61138300,Educación Común,Nivel Secundario,495 E/ CAMINO CENTENARIO Y 15 BIS - S/N,221-471-2052/1336,,secundaria12laplata@abc.gob.ar,Estatal,Oficial,ESCUELA DE EDUCACIÓN SECUNDARIA,INTERIOR,Urbano,0,Oficial,SEDE,Primera,Dirección Provincial de Educación Secundaria,600100919,Inicial 2026,567,294,273,33,"MAÑANA,TARDE,VESPERTINO",611383,0,12,-34.87827378340111,-58.02213392378123
06441,La Plata,170,"ESCUELA DE EDUCACIÓN SECUNDARIA Nº13 ""SOLDADOS DE MALVINAS""",Región 1,0001MS0013,60890900,Educación Común,Nivel Secundario,22 - S/N,221-451-4483,,ees13laplata@yahoo.com.ar,Estatal,Oficial,ESCUELA DE EDUCACIÓN SECUNDARIA,INTERIOR,Urbano,0,Oficial,SEDE,Primera,Dirección Provincial de Educación Secundaria,600100935,Inicial 2026,805,405,400,34,"MAÑANA,TARDE",608909,0,13,-34.928220117487946,-57.966350194063274
06441,La Plata,171,"ESCUELA DE EDUCACIÓN SECUNDARIA Nº14 ""CARLOS VERGARA""",Región 1,0001MS0014,60889000,Educación Común,Nivel Secundario,35 ESQ 4 - S/N,221-482-1970,,cnvergara@yahoo.com.ar,Estatal,Oficial,ESCUELA DE EDUCACIÓN SECUNDARIA,INTERIOR,Urbano,0,Oficial,SEDE,Primera,Dirección Provincial de Educación Secundaria,600102223,Inicial 2026,538,274,264,30,"MAÑANA,TARDE",608890,0,14,-34.90076290369757,-57.962706623887016
06441,La Plata,172,"ESCUELA DE EDUCACIÓN SECUNDARIA Nº15 ""LUIS F. LELOIR""",Región 1,0001MS0015,60291800,Educación Común,Nivel Secundario,CALLE 464 ESQ. 19 - S/N,221-472-1713,,equipodirectivo@gmail.com,Estatal,Oficial,ESCUELA DE EDUCACIÓN SECUNDARIA,INTERIOR,Urbano,0,Oficial,SEDE,Primera,Dirección Provincial de Educación Secundaria,600102234,Inicial 2026,557,262,295,27,"MAÑANA,TARDE",602918,0,15,-34.87474188412789,-58.05761258384872
06441,La Plata,173,"ESCUELA DE EDUCACIÓN SECUNDARIA Nº16 ""HIPÓLITO YRIGOYEN""",Región 1,0001MS0016,61138700,Educación Común,Nivel Secundario,AV. 66 E/ 153 Y 154 - S/N,221-450-1100/456177,,secundaria16laplata@abc.gob.ar,Estatal,Oficial,ESCUELA DE EDUCACIÓN SECUNDARIA,INTERIOR,Urbano,1,Oficial,SEDE,Primera,Dirección Provincial de Educación Secundaria,600100506,Inicial 2026,734,371,363,27,"MAÑANA,TARDE,VESPERTINO",611387,0,16,-34.96966541856251,-57.98305657674534
06441,La Plata,174,"ESCUELA DE EDUCACIÓN SECUNDARIA Nº 17 ""DR. NICODEMO SCENNA""",Región 1,0001MS0017,60854100,Educación Común,Nivel Secundario,CALLE 116 ESQ. 69 - 1797,221-489-5068,,eesn17@yahoo.com.ar,Estatal,Oficial,ESCUELA DE EDUCACIÓN SECUNDARIA,INTERIOR,Urbano,0,Oficial,SEDE,Primera,Dirección Provincial de Educación Secundaria,600102247,Inicial 2026,633,319,314,25,"MAÑANA,TARDE,VESPERTINO",608541,0,17,-34.92099141431822,-57.92353794081636
06441,La Plata,175,CENTRO EDUCATIVO DE NIVEL SECUNDARIO N°471,Región 1,0001DM0471,60072700,Educación de Jóvenes y Adultos,Nivel Secundario,76 ESQ 10 - UNIDAD PENITENCIARIA 9 - S/N,221-588-2417,21346,cens471@gmail.com,Estatal,Oficial,CENTRO EDUCATIVO DE NIVEL SECUNDARIO (C.E.N.S.),INTERIOR,Urbano,2,Oficial,SEDE,Primera,"Dirección de Educación de Jóvenes, Adultos y Adultos Mayores",600100575,Inicial 2026,403,403,0,14,"MAÑANA,TARDE,VESPERTINO",600727,0,471,-34.93677116984956,-57.926719298849676
06441,La Plata,176,"CENTRO EDUCATIVO DE NIVEL SECUNDARIO N° 472 ""TERESA DE CALCUTA""",Región 1,0001DM0472,60288700,Educación de Jóvenes y Adultos,Nivel Secundario,149 E/ 70 Y 72 - S/N,221-456-3432,21371,cens472loshornos@gmail.com,Estatal,Oficial,CENTRO EDUCATIVO DE NIVEL SECUNDARIO (C.E.N.S.),INTERIOR,Urbano,2,Oficial,SEDE,Segunda,"Dirección de Educación de Jóvenes, Adultos y Adultos Mayores",600100478,Inicial 2026,93,0,93,8,TARDE,602887,0,472,-34.968871518801976,-57.973274626416746
06441,La Plata,177,"CENTRO EDUCATIVO DE NIVEL SECUNDARIO Nº 462 ""MARIANO MORENO""",Región 1,0001DM0462,60883800,Educación de Jóvenes y Adultos,Nivel Secundario,71 - 275,221-422-1268,,marialiherrera@abc.gob.ar,Estatal,Oficial,CENTRO EDUCATIVO DE NIVEL SECUNDARIO (C.E.N.S.),INTERIOR,Urbano,0,Oficial,SEDE,Primera,"Dirección de Educación de Jóvenes, Adultos y Adultos Mayores",600100926,Inicial 2026,392,197,195,18,"TARDE,VESPERTINO",608838,0,462,-34.92325462019725,-57.92201120023917
06441,La Plata,177,"CENTRO EDUCATIVO DE NIVEL SECUNDARIO Nº 462 ""MARIANO MORENO""",Región 1,0001DM0462,60883800,Educación de Jóvenes y Adultos,Plan Fines (Trayectos y Deudores),71 - 275,221-422-1268,,marialiherrera@abc.gob.ar,Estatal,Oficial,CENTRO EDUCATIVO DE NIVEL SECUNDARIO (C.E.N.S.),INTERIOR,Urbano,0,Oficial,SEDE,Primera,"Dirección de Educación de Jóvenes, Adultos y Adultos Mayores",600100926,Inicial 2026,300,130,170,20,"TARDE,VESPERTINO",608838,0,462,-34.92325462019725,-57.92201120023917
06441,La Plata,178,CENTRO EDUCATIVO DE NIVEL SECUNDARIO Nº463,Región 1,0001DM0463,60286500,Educación de Jóvenes y Adultos,Nivel Secundario,46 - 386,221-671-6663,,cens463lp@abc.gob.ar,Estatal,Oficial,CENTRO EDUCATIVO DE NIVEL SECUNDARIO (C.E.N.S.),INTERIOR,Urbano,0,Oficial,SEDE,Primera,"Dirección de Educación de Jóvenes, Adultos y Adultos Mayores",600105574,Inicial 2026,136,62,74,17,"NOCHE,TARDE",602865,0,463,-34.909375733258834,-57.94959441125617
06441,La Plata,179,"ESCUELA DE EDUCACIÓN SECUNDARIA Nº 22 ""CRUCERO ARA GENERAL BELGRANO""",Región 1,0001MS0022,60898600,Educación Común,Nivel Secundario,520 E/ 138 Y 139 - S/N,221-479-8084,,secundaria22laplata@abc.gob.ar,Estatal,Oficial,ESCUELA DE EDUCACIÓN SECUNDARIA,INTERIOR,Urbano,0,Oficial,SEDE,Primera,Dirección Provincial de Educación Secundaria,600102252,Inicial 2026,1027,509,518,39,"MAÑANA,TARDE,VESPERTINO",608986,0,22,-34.919832438621455,-58.01541017987148
06441,La Plata,180,CENTRO EDUCATIVO DE NIVEL SECUNDARIO N°470,Región 1,0001DM0470,60073200,Educación de Jóvenes y Adultos,Nivel Secundario,197 E/ 49 Y 50 - 930,221-496-1092,,cens470laplata@abc.gob.ar,Estatal,Oficial,CENTRO EDUCATIVO DE NIVEL SECUNDARIO (C.E.N.S.),INTERIOR,Urbano,2,Oficial,SEDE,Primera,"Dirección de Educación de Jóvenes, Adultos y Adultos Mayores",600100466,Inicial 2026,309,309,0,13,"MAÑANA,TARDE,VESPERTINO",600732,0,470,-34.99905135019285,-58.04261746624556
06441,La Plata,181,CENTRO EDUCATIVO DE NIVEL SECUNDARIO Nº464,Región 1,0001DM0464,60885200,Educación de Jóvenes y Adultos,Nivel Secundario,22 E/48 Y 49 - S/N,221-451-4483,,cens464laplata@abc.gob.ar,Estatal,Oficial,CENTRO EDUCATIVO DE NIVEL SECUNDARIO (C.E.N.S.),INTERIOR,Urbano,0,Oficial,SEDE,Segunda,"Dirección de Educación de Jóvenes, Adultos y Adultos Mayores",600100935,Inicial 2026,58,25,33,6,NOCHE,608852,0,464,-34.928166130053576,-57.966465527904354
06441,La Plata,182,"CENTRO EDUCATIVO DE NIVEL SECUNDARIO Nº 469 ""ALICIA MOREAU DE JUSTO""",Región 1,0001DM0469,60640700,Educación de Jóvenes y Adultos,Nivel Secundario,54 - 355,221-421-6686,,cens469@gmail.com,Estatal,Oficial,CENTRO EDUCATIVO DE NIVEL SECUNDARIO (C.E.N.S.),INTERIOR,Urbano,0,Oficial,SEDE,Segunda,"Dirección de Educación de Jóvenes, Adultos y Adultos Mayores",600100974,Inicial 2026,167,101,66,11,"MAÑANA,TARDE,VESPERTINO",606407,0,469,-34.91210494525792,-57.94223720014699
06441,La Plata,183,"ESCUELA DE EDUCACIÓN SECUNDARIA Nº 26 ""GUILLERMO D. LAVALLE""",Región 1,0001MS0026,60889200,Educación Común,Nivel Secundario,4 E/ 62 Y 63 - S/N,221-425-8371,,secundaria26laplata@abc.gob.ar,Estatal,Oficial,ESCUELA DE EDUCACIÓN SECUNDARIA,INTERIOR,Urbano,0,Oficial,SEDE,Primera,Dirección Provincial de Educación Secundaria,600102268,Inicial 2026,698,309,389,30,"MAÑANA,TARDE",608892,0,26,-34.91996144146341,-57.93576529872279
06441,La Plata,184,"ESCUELA DE EDUCACIÓN SECUNDARIA Nº 27 ""GRACIELA PERNAS MARTINO""",Región 1,0001MS0027,60884600,Educación Común,Nivel Secundario,35 - 1078,221-425-9640,21149,secundaria27laplata@abc.gob.ar,Estatal,Oficial,ESCUELA DE EDUCACIÓN SECUNDARIA,INTERIOR,Urbano,0,Oficial,SEDE,Primera,Dirección Provincial de Educación Secundaria,600101757,Inicial 2026,563,307,256,24,"MAÑANA,TARDE",608846,0,27,-34.91227789740355,-57.975258069498196
06441,La Plata,185,"ESCUELA DE EDUCACIÓN SECUNDARIA Nº 28 ""DANTE LUIS SEGUNDO PEREYRA""",Región 1,0001MS0028,60626100,Educación Común,Nivel Secundario,5 E/ 421 Y 422 - S/N,221-473-1219,68820,secundaria28laplata@abc.gob.ar,Estatal,Oficial,ESCUELA DE EDUCACIÓN SECUNDARIA,INTERIOR,Urbano,0,Oficial,SEDE,Primera,Dirección Provincial de Educación Secundaria,600102275,Inicial 2026,342,161,181,15,"MAÑANA,TARDE,VESPERTINO",606261,0,28,-34.85330057100363,-58.07461600854999
06098,Berisso,187,"ESCUELA DE EDUCACIÓN SECUNDARIA Nº 3 ""LOLA MORA""",Región 1,0113MS0003,61496200,Educación Común,Nivel Secundario,AVENIDA 60 Y 123 - S/N,221-424-9716,,secundaria3berisso@abc.gob.ar,Estatal,Oficial,ESCUELA DE EDUCACIÓN SECUNDARIA,INTERIOR,Urbano,0,Oficial,SEDE,Primera,Dirección Provincial de Educación Secundaria,611300429,Inicial 2026,712,333,379,32,"MAÑANA,TARDE,VESPERTINO",614962,0,3,-34.90590215555601,-57.92615395623318
06441,La Plata,188,"ESCUELA DE EDUCACIÓN SECUNDARIA Nº31 ""GRAL. JOSÉ DE SAN MARTÍN""",Región 1,0001MS0031,60897700,Educación Común,Nivel Secundario,46 E/ 2 Y 3 - 366,221-421-1372,,secundaria31laplata@abc.gob.ar,Estatal,Oficial,ESCUELA DE EDUCACIÓN SECUNDARIA,INTERIOR,Urbano,0,Oficial,SEDE,Primera,Dirección Provincial de Educación Secundaria,600102281,Inicial 2026,1192,545,647,45,"MAÑANA,TARDE",608977,0,31,-34.90836249832681,-57.948372397161826
06441,La Plata,189,"ESCUELA DE EDUCACIÓN SECUNDARIA Nº32 ""MARY O GRAHAM""",Región 1,0001MS0032,60623100,Educación Común,Nivel Secundario,51 E/ 14 Y 15 - 975,221-421-0772,,secundaria32laplata@abc.gob.ar,Estatal,Oficial,ESCUELA DE EDUCACIÓN SECUNDARIA,INTERIOR,Urbano,0,Oficial,SEDE,Primera,Dirección Provincial de Educación Secundaria,600101289,Inicial 2026,1184,573,611,42,"MAÑANA,TARDE",606231,0,32,-34.92229728298949,-57.95690304863038
06441,La Plata,190,"ESCUELA DE EDUCACIÓN SECUNDARIA Nº33 ""DARDO ROCHA""",Región 1,0001MS0033,60854300,Educación Común,Nivel Secundario,DIAGONAL 78 E/4 Y 5 - 311,221-421-5142,,secundaria33laplata@abc.gob.ar,Estatal,Oficial,ESCUELA DE EDUCACIÓN SECUNDARIA,INTERIOR,Urbano,0,Oficial,SEDE,Primera,Dirección Provincial de Educación Secundaria,600100942,Inicial 2026,742,389,353,39,"MAÑANA,TARDE",608543,0,33,-34.916295670804665,-57.94176760068755
06441,La Plata,191,"ESCUELA DE EDUCACIÓN SECUNDARIA Nº34 ""ALMAFUERTE""",Región 1,0001MS0034,60882100,Educación Común,Nivel Secundario,58 - S/N,221-422-3367,,eemn34@yahoo.com.ar,Estatal,Oficial,ESCUELA DE EDUCACIÓN SECUNDARIA,INTERIOR,Urbano,0,Oficial,SEDE,Primera,Dirección Provincial de Educación Secundaria,600101236,Inicial 2026,1114,552,562,48,"MAÑANA,TARDE",608821,0,34,-34.92029144139305,-57.94510792738235
06441,La Plata,192,"ESCUELA DE EDUCACIÓN SECUDARIA Nº35 ""ROBERTO THEMIS SPERONI""",Región 1,0001MM0035,61203300,Educación Común,Nivel Secundario,465 ESQ. CAMINO GENERAL BELGRANO - S/N,221-472-0713,21295,isperoni@yahoo.com.ar,Estatal,Oficial,ESCUELA DE EDUCACIÓN MEDIA,INTERIOR,Urbano,0,Oficial,SEDE,Segunda,Dirección Provincial de Educación Secundaria,600101270,Inicial 2026,156,72,84,6,MAÑANA,612033,0,35,-34.87959245042846,-58.05986896487592
06441,La Plata,193,"ESCUELA DE EDUCACIÓN SECUNDARIA Nº37 ""MARTÍN MIGUEL DE GÜEMES""",Región 1,0001MS0037,61618000,Educación Común,Nivel Secundario,CALLE 139 E/ 485 Y 483 - S/N,221-540-9970,,secundaria37laplata@abc.gob.ar,Estatal,Oficial,ESCUELA DE EDUCACIÓN SECUNDARIA,INTERIOR,Urbano,1,Oficial,SEDE,Segunda,Dirección Provincial de Educación Secundaria,600100957,Inicial 2026,283,154,129,12,"MAÑANA,TARDE",616180,0,37,-34.90493322778338,-58.04628368373992
06441,La Plata,195,"C.E.B.A.S. Nº1 ""FLOREAL FERRARA""",Región 1,0001DS0001,60900600,Educación de Jóvenes y Adultos,Nivel Secundario,27 E/ 70 Y 71 - S/N,221-457-8663,,cebas1laplata@yahoo.com.ar,Estatal,Oficial,CENTRO ESPECIALIZADO PARA ADULTOS CON ORIENTACIÓN EN SALUD (CEBAS),INTERIOR,Urbano,0,Oficial,SEDE,Segunda,"Dirección de Educación de Jóvenes, Adultos y Adultos Mayores",600100988,Inicial 2026,256,68,188,9,"MAÑANA,TARDE",609006,0,1,-34.94815445825782,-57.95036042049049
06441,La Plata,196,"ESCUELA DE EDUCACIÓN SECUNDARIA TÉCNICA Nº1 ""DR. VALENTÍN VERGARA""",Región 1,0001MT0001,61138200,Educación Técnico Profesional,Nivel Secundario,7 - 40,221-482-2293/5018,21215,tecnica1laplata@abc.gob.ar,Estatal,Oficial,ESCUELA DE EDUCACIÓN SECUNDARIA TÉCNICA,INTERIOR,Urbano,0,Oficial,SEDE,Primera,Dirección Provincial de Educación Técnico Profesional,600105307,Inicial 2026,590,396,194,30,"MAÑANA,TARDE,VESPERTINO",611382,0,1,-34.90114535301818,-57.967754063718935
06441,La Plata,197,"ESCUELA DE EDUCACIÓN SECUNDARIA TÉCNICA Nº2 ""REPÚBLICA DE ITALIA""",Región 1,0001MT0002,60624200,Educación Técnico Profesional,Nivel Secundario,6 Y 51 - S/N,221-487-1667,21420,tecnica2villaelisa@gmail.com,Estatal,Oficial,ESCUELA DE EDUCACIÓN SECUNDARIA TÉCNICA,INTERIOR,Urbano,0,Oficial,SEDE,Primera,Dirección Provincial de Educación Técnico Profesional,600102635,Inicial 2026,630,473,157,29,"MAÑANA,TARDE,VESPERTINO",606242,0,2,-34.84987216986218,-58.08783859187298
06441,La Plata,198,"ESCUELA DE EDUCACIÓN SECUNDARIA TÉCNICA Nº3 ""FRAY LUIS BELTRAN""",Región 1,0001MT0003,60890800,Educación Técnico Profesional,Nivel Secundario,63 Y 139 - S/N,221-450-5640,21174,escuelatecnica_3lp@yahoo.com.ar,Estatal,Oficial,ESCUELA DE EDUCACIÓN SECUNDARIA TÉCNICA,INTERIOR,Urbano,0,Oficial,SEDE,Primera,Dirección Provincial de Educación Técnico Profesional,600105437,Inicial 2026,928,588,340,40,ALTERNADO,608908,0,3,-34.95382164848371,-57.97178136390232
06441,La Plata,199,"ESCUELA DE EDUCACIÓN SECUNDARIA TÉCNICA Nº4 ""JOSÉ A. ALVAREZ CONDARCO""",Región 1,0001MT0004,60923600,Educación Técnico Profesional,Nivel Secundario,AVDA. 173 E/ 517 Y 518 - 1408,221-478-2728,21208,eet_4@yahoo.com.ar,Estatal,Oficial,ESCUELA DE EDUCACIÓN SECUNDARIA TÉCNICA,INTERIOR,Urbano,1,Oficial,SEDE,Primera,Dirección Provincial de Educación Técnico Profesional,600102642,Inicial 2026,689,376,313,22,"MAÑANA,TARDE",609236,0,4,-34.95076842590297,-58.05369387925007
06441,La Plata,200,"ESCUELA DE EDUCACIÓN SECUNDARIA TÉCNICA Nº5 ""GENERAL MANUEL NICOLÁS SAVIO""",Región 1,0001MT0005,60888900,Educación Técnico Profesional,Nivel Secundario,76 - 611,221-452-1954,21191,tecnica5delaplata@gmail.com,Estatal,Oficial,ESCUELA DE EDUCACIÓN SECUNDARIA TÉCNICA,INTERIOR,Urbano,0,Oficial,SEDE,Primera,Dirección Provincial de Educación Técnico Profesional,600102657,Inicial 2026,1105,714,391,46,"MAÑANA,TARDE,VESPERTINO",608889,0,5,-34.93454884842847,-57.92483852786543
06441,La Plata,201,"ESCUELA DE EDUCACIÓN SECUNDARIA TÉCNICA Nº6 ""ALBERT THOMAS""",Región 1,0001MT0006,60855000,Educación Técnico Profesional,Nivel Secundario,1 (E/ 57 Y 58) - 1220,221-421-1215,21011,jsaino@abc.gob.ar,Estatal,Oficial,ESCUELA DE EDUCACIÓN SECUNDARIA TÉCNICA,INTERIOR,Urbano,0,Oficial,SEDE,Primera,Dirección Provincial de Educación Técnico Profesional,600102661,Inicial 2026,1661,1171,490,70,"MAÑANA,TARDE,VESPERTINO",608550,0,6,-34.91298930161105,-57.93776312466176
06441,La Plata,202,"ESCUELA DE EDUCACIÓN SECUNDARIA TÉCNICA Nº7 ""LAURA ROSENDE MITRE DE MENDONCA""",Región 1,0001MT0007,60888200,Educación Técnico Profesional,Nivel Secundario,42 - 678,221-421-1004,21033,eest7laplata@abc.gob.ar,Estatal,Oficial,ESCUELA DE EDUCACIÓN SECUNDARIA TÉCNICA,INTERIOR,Urbano,0,Oficial,SEDE,Segunda,Dirección Provincial de Educación Técnico Profesional,600102674,Inicial 2026,423,212,211,21,"""DOBLE ESCOLARIDAD""",608882,0,7,-34.910657092939005,-57.95907886891565
06441,La Plata,203,"ESCUELA DE EDUCACIÓN SECUNDARIA TÉCNICA Nº8 ""JUAN BAUTISTA ALBERDI""",Región 1,0001MT0008,60879400,Educación Técnico Profesional,Nivel Secundario,526 - 1264,221-421-3790,,escuelatecnica8tolosa@gmail.com,Estatal,Oficial,ESCUELA DE EDUCACIÓN SECUNDARIA TÉCNICA,INTERIOR,Urbano,0,Oficial,SEDE,Primera,Dirección Provincial de Educación Técnico Profesional,600102688,Inicial 2026,1009,683,326,47,"MAÑANA,NOCHE,TARDE",608794,0,8,-34.89624482713355,-57.97612549079268
06441,La Plata,204,ESCUELA DE EDUCACIÓN SECUNDARIA TÉCNICA Nº9,Región 1,0001MT0009,60897500,Educación Técnico Profesional,Nivel Secundario,1 y 46 - 691,221-421-1223,21036,eestecnica9@gmail.com,Estatal,Oficial,ESCUELA DE EDUCACIÓN SECUNDARIA TÉCNICA,INTERIOR,Urbano,0,Oficial,SEDE,Primera,Dirección Provincial de Educación Técnico Profesional,600102690,Inicial 2026,694,448,246,30,"MAÑANA,TARDE,VESPERTINO",608975,0,9,-34.90676825484728,-57.94724061385666
06441,La Plata,209,"ESCUELA DE EDUCACIÓN PRIMARIA Nº1 ""FRANCISCO A. BERRA""",Región 1,0001PP0001,60882200,Educación Común,Nivel Primario,8 Y 57 - 1201,221-483-4053,21259,esc.primaria1lp@gmail.com,Estatal,Oficial,ESCUELA DE EDUCACIÓN PRIMARIA,INTERIOR,Urbano,0,Oficial,SEDE,Primera,Dirección Provincial de Educación Primaria,600101236,Inicial 2026,574,303,271,24,"MAÑANA,TARDE",608822,0,1,-34.91991673976192,-57.94570050236973
06441,La Plata,210,"ESCUELA DE EDUCACIÓN PRIMARIA Nº2 ""PROF. ANDRES FERREYRA""",Región 1,0001PP0002,60881800,Educación Común,Nivel Primario,9 E/ 47 Y 48 - 777,221-421-3505,21051,primaria2laplata@abc.gob.ar,Estatal,Oficial,ESCUELA DE EDUCACIÓN PRIMARIA,INTERIOR,Urbano,0,Oficial,SEDE,Primera,Dirección Provincial de Educación Primaria,600101695,Inicial 2026,431,205,226,14,"""DOBLE ESCOLARIDAD""",608818,0,2,-34.91548729539863,-57.95397263382355
06441,La Plata,211,"ESCUELA DE EDUCACIÓN PRIMARIA Nº3 ""HILARIA O. DE CORREBO""",Región 1,0001PP0003,60886200,Educación Común,Nivel Primario,52 - S/N,221-496-2983,69042,primaria3laplata@abc.gob,Estatal,Oficial,ESCUELA DE EDUCACIÓN PRIMARIA,INTERIOR,Urbano,2,Oficial,SEDE,Primera,Dirección Provincial de Educación Primaria,600102528,Inicial 2026,450,234,216,20,"MAÑANA,TARDE",608862,0,3,-35.01038588894932,-58.051729537033424
06441,La Plata,212,"ESCUELA DE EDUCACIÓN PRIMARIA Nº5 ""CORONEL DE MARINA TOMAS ESPORA""",Región 1,0001PP0005,60286400,Educación Común,Nivel Primario,PLAZA ADOLFO ALSINA (E/ 37 Y 38) - 85,221-21-5849,21069,primaria5laplata@abc.gob.ar,Estatal,Oficial,ESCUELA DE EDUCACIÓN PRIMARIA,INTERIOR,Urbano,0,Oficial,SEDE,Primera,Dirección Provincial de Educación Primaria,600100886,Inicial 2026,452,228,224,24,"MAÑANA,TARDE",602864,0,5,-34.90023916779965,-57.95678342440909
06441,La Plata,213,"ESCUELA DE EDUCACIÓN PRIMARIA Nº6 ""A. BLASCO DE SELVA""",Región 1,0001PP0006,60924000,Educación Común,Nivel Primario,236 (E/ 496 Y 498) RUTA 2 KM. 52 - 3512,221-491-3216,,escuelaprimaria6@gmail.com,Estatal,Oficial,ESCUELA DE EDUCACIÓN PRIMARIA,INTERIOR,Rural Disperso,2,Oficial,SEDE,Segunda,Dirección Provincial de Educación Primaria,600102299,Inicial 2026,198,95,103,6,"""DOBLE ESCOLARIDAD""",609240,0,6,-34.99016122103711,-58.1351168598712
06441,La Plata,214,"ESCUELA DE EDUCACIÓN PRIMARIA Nº7 ""FRAGATA LA ARGENTINA""",Región 1,0001PP0007,60931700,Educación Común,Nivel Primario,36 E/ 120 Y 121 - 41,-,34000,marcediaz1@abc.gob.ar,Estatal,Oficial,ESCUELA DE EDUCACIÓN PRIMARIA,INTERIOR,Urbano,0,Oficial,SEDE,Segunda,Dirección Provincial de Educación Primaria,600101454,Inicial 2026,152,71,81,8,"""DOBLE ESCOLARIDAD""",609317,0,7,-34.891887029059355,-57.95087822584295
06441,La Plata,215,"ESCUELA DE EDUCACIÓN PRIMARIA Nº8 ""DOMINGO FAUSTINO SARMIENTO""",Región 1,0001PP0008,60296400,Educación Común,Nivel Primario,DIAG. 74 (E/ 57 Y 16) - S/N,221-451-2767,,campanonemariana@gmail.com,Estatal,Oficial,ESCUELA DE EDUCACIÓN PRIMARIA,INTERIOR,Urbano,0,Oficial,SEDE,Primera,Dirección Provincial de Educación Primaria,600101477,Inicial 2026,651,255,396,26,"MAÑANA,TARDE",602964,0,8,-34.92701376037302,-57.954518024081125
06441,La Plata,216,"ESCUELA DE EDUCACIÓN PRIMARIA Nº9 ""PROF. JUAN JAUREGUI""",Región 1,0001PP0009,60314900,Educación Común,Nivel Primario,7 Y 643 - S/N,221-491-0522,21351,primaria9laplata@abc.gob.ar,Estatal,Oficial,ESCUELA DE EDUCACIÓN PRIMARIA,INTERIOR,Urbano,2,Oficial,SEDE,Segunda,Dirección Provincial de Educación Primaria,600102309,Inicial 2026,319,173,146,12,"MAÑANA,TARDE",603149,0,9,-34.97853869940104,-57.86542237453744
06441,La Plata,217,"ESCUELA DE EDUCACIÓN PRIMARIA Nº10 ""DR. RICARDO GUTIERREZ""",Región 1,0001PP0010,60623300,Educación Común,Nivel Primario,16 E/ 48 Y DIAG 73 - S/N,221-421-1616,21039,escuelagutierrez303@gmail.com,Estatal,Oficial,ESCUELA DE EDUCACIÓN PRIMARIA,INTERIOR,Urbano,0,Oficial,SEDE,Primera,Dirección Provincial de Educación Primaria,600100510,Inicial 2026,901,473,428,36,"MAÑANA,TARDE",606233,0,10,-34.921970727463425,-57.960985315113895
06441,La Plata,218,"ESCUELA DE EDUCACIÓN PRIMARIA Nº11 ""FLORENTINO AMEGHINO""",Región 1,0001PP0011,60898400,Educación Común,Nivel Primario,12 E/ 67 Y 68 - S/N,221-451-9436,21190,ep11florentinoameghino@hotmail.com,Estatal,Oficial,ESCUELA DE EDUCACIÓN PRIMARIA,INTERIOR,Urbano,0,Oficial,SEDE,Primera,Dirección Provincial de Educación Primaria,600101262,Inicial 2026,490,250,240,24,"MAÑANA,TARDE",608984,0,11,-34.931957828911735,-57.93771198088998
06441,La Plata,219,"ESCUELA DE EDUCACIÓN PRIMARIA Nº12 ""DR. VICTORIANO E. MONTES""",Región 1,0001PP0012,60291900,Educación Común,Nivel Primario,14 A E/ 467 Y 471 - S/N,221-220-0163,21001,primaria12laplata@abc.gob.ar,Estatal,Oficial,ESCUELA DE EDUCACIÓN PRIMARIA,INTERIOR,Urbano,0,Oficial,SEDE,Primera,Dirección Provincial de Educación Primaria,600102193,Inicial 2026,452,233,219,24,"MAÑANA,TARDE",602919,0,12,-34.86923065067114,-58.04880240420256
06441,La Plata,220,"ESCUELA DE EDUCACIÓN PRIMARIA Nº13 ""MARTÍN FIERRO""",Región 1,0001PP0013,60288600,Educación Común,Nivel Primario,524 Y 158 - S/N,221-478-0842,,iddsandra.2@gmail.com,Estatal,Oficial,ESCUELA DE EDUCACIÓN PRIMARIA,INTERIOR,Urbano,1,Oficial,SEDE,Primera,Dirección Provincial de Educación Primaria,600100082,Inicial 2026,533,276,257,16,"MAÑANA,TARDE",602886,0,13,-34.94234009481651,-58.03071742726217
06441,La Plata,221,"ESCUELA DE EDUCACIÓN PRIMARIA Nº14 ""JUSTINA OCAMPO DE WEST""",Región 1,0001PP0014,60071500,Educación Común,Nivel Primario,423 - 748,221-487-1365,21293,primaria14laplata@abc.gob.ar,Estatal,Oficial,ESCUELA DE EDUCACIÓN PRIMARIA,INTERIOR,Urbano,0,Oficial,SEDE,Segunda,Dirección Provincial de Educación Primaria,600102563,Inicial 2026,140,71,69,6,"""DOBLE ESCOLARIDAD""",600715,0,14,-34.857251333879304,-58.07548807540964
06441,La Plata,222,"ESCUELA DE EDUCACIÓN PRIMARIA Nº15 ""JOSÉ MANUEL ESTRADA""",Región 1,0001PP0015,60290300,Educación Común,Nivel Primario,4 E/ 62 Y 63 - S/N,221-421-3902,21053,escuelaprimaria15laplata@hotmail.com,Estatal,Oficial,ESCUELA DE EDUCACIÓN PRIMARIA,INTERIOR,Urbano,0,Oficial,SEDE,Primera,Dirección Provincial de Educación Primaria,600102268,Inicial 2026,432,204,228,20,"MAÑANA,TARDE",602903,0,15,-34.920086233189146,-57.93549904453852
06441,La Plata,223,"ESCUELA DE EDUCACIÓN PRIMARIA Nº16 ""VICENTE LOPEZ Y PLANES""",Región 1,0001PP0016,60888600,Educación Común,Nivel Primario,28 - 728,221-479-3984,21209,ndemartinelli@yahoo.com.ar,Estatal,Oficial,ESCUELA DE EDUCACIÓN PRIMARIA,INTERIOR,Urbano,0,Oficial,SEDE,Primera,Dirección Provincial de Educación Primaria,600102707,Inicial 2026,485,239,246,24,"MAÑANA,TARDE",608886,0,16,-34.93229694824199,-57.97400209161708
06441,La Plata,224,"ESCUELA DE EDUCACIÓN PRIMARIA Nº17 ""LUIS CASTELLS""",Región 1,0001PP0017,60642100,Educación Común,Nivel Primario,6 E/ 50 Y 51 - S/N,221-487-0205,21289,primaria17laplata@abc.gob.ar,Estatal,Oficial,ESCUELA DE EDUCACIÓN PRIMARIA,INTERIOR,Urbano,0,Oficial,SEDE,Primera,Dirección Provincial de Educación Primaria,600105221,Inicial 2026,263,141,122,12,"MAÑANA,TARDE",606421,0,17,-34.84990107317344,-58.08755185922637
06441,La Plata,225,"ESCUELA DE EDUCACIÓN PRIMARIA Nº18 ""JULIAN AGUIRRE""",Región 1,0001PP0018,60290900,Educación Común,Nivel Primario,16 E/ 500 Y 501 - S/N,221-484-0229,21281,primaria18laplata@abc.gob.ar,Estatal,Oficial,ESCUELA DE EDUCACIÓN PRIMARIA,INTERIOR,Urbano,0,Oficial,SEDE,Primera,Dirección Provincial de Educación Primaria,600102711,Inicial 2026,460,241,219,24,"MAÑANA,TARDE",602909,0,18,-34.882599945228115,-58.01392181913115
06441,La Plata,226,"ESCUELA DE EDUCACIÓN PRIMARIA Nº19 ""GENERAL JOSÉ DE SAN MARTÍN""",Región 1,0001PP0019,61135600,Educación Común,Nivel Primario,41 Y 22 - S/N,221-470-6381,21205,primaria19laplata@abc.gob.ar,Estatal,Oficial,ESCUELA DE EDUCACIÓN PRIMARIA,INTERIOR,Urbano,0,Oficial,SEDE,Primera,Dirección Provincial de Educación Primaria,600101449,Inicial 2026,688,346,342,29,"MAÑANA,TARDE",611356,0,19,-34.92251007607561,-57.97411016764397
06441,La Plata,227,"ESCUELA DE EDUCACIÓN PRIMARIA Nº20 ""SARGENTO JUAN B. CABRAL""",Región 1,0001PP0020,60922600,Educación Común,Nivel Primario,RUTA 36 KM 68 - S/N,221-490-4629,68601,escuela20laplata@abc.gob.ar,Estatal,Oficial,ESCUELA DE EDUCACIÓN PRIMARIA,INTERIOR,Rural Disperso,3,Oficial,SEDE,Segunda,Dirección Provincial de Educación Primaria,600102345,Inicial 2026,428,220,208,12,"MAÑANA,TARDE",609226,0,20,-35.06009015143556,-57.95437319725881
06441,La Plata,228,"ESCUELA DE EDUCACIÓN PRIMARIA Nº21 ""DR. AGUSTIN B. GAMBIER""",Región 1,0001PP0021,61138600,Educación Común,Nivel Primario,62 E/ 139 Y 140 - S/N,221-450-4625,21171,primaria21laplata@abc.gob.ar,Estatal,Oficial,ESCUELA DE EDUCACIÓN PRIMARIA,INTERIOR,Urbano,0,Oficial,SEDE,Primera,Dirección Provincial de Educación Primaria,600105428,Inicial 2026,1098,590,508,41,"MAÑANA,TARDE",611386,0,21,-34.953525991927414,-57.972931062912075
06441,La Plata,229,"ESCUELA DE EDUCACIÓN PRIMARIA Nº22 ""HIPOLITO YRIGOYEN""",Región 1,0001PP0022,61140100,Educación Común,Nivel Primario,76 ESQ. 23 - S/N,221-457-8602,21414,marcfernandez@abc.gob.ar,Estatal,Oficial,ESCUELA DE EDUCACIÓN PRIMARIA,INTERIOR,Urbano,0,Oficial,SEDE,Primera,Dirección Provincial de Educación Primaria,600100285,Inicial 2026,297,159,138,12,"""DOBLE ESCOLARIDAD""",611401,0,22,-34.949371794968464,-57.940342686059424
06441,La Plata,230,"ESCUELA DE EDUCACIÓN PRIMARIA Nº23 ""MERCEDITAS DE SAN MARTÍN""",Región 1,0001PP0023,60072800,Educación Común,Nivel Primario,7 Y 601 - S/N,221-486-2792,70041,escuela23laplata@abc.gob.ar,Estatal,Oficial,ESCUELA DE EDUCACIÓN PRIMARIA,INTERIOR,Urbano,0,Oficial,SEDE,Primera,Dirección Provincial de Educación Primaria,600100445,Inicial 2026,453,241,212,18,"MAÑANA,TARDE",600728,0,23,-34.95186741994112,-57.90143148346881
06441,La Plata,231,"ESCUELA DE EDUCACIÓN PRIMARIA Nº24 ""LUIS RICOME DE HUSSON""",Región 1,0001PP0024,60071400,Educación Común,Nivel Primario,3 E/ 421 Y 422 - S/N,221-473-1450,21291,primaria24laplata@abc.gob.ar,Estatal,Oficial,ESCUELA DE EDUCACIÓN PRIMARIA,INTERIOR,Urbano,0,Oficial,SEDE,Primera,Dirección Provincial de Educación Primaria,600102500,Inicial 2026,448,219,229,20,"MAÑANA,TARDE",600714,0,24,-34.85152387642308,-58.07390506985838
06441,La Plata,232,"ESCUELA DE EDUCACIÓN PRIMARIA Nº25 ""CORONEL MANUEL DORREGO""",Región 1,0001PP0025,60898900,Educación Común,Nivel Primario,13 E/ 511 Y 512 CAMINO CENTENARIO - S/N,221-484-0243,20021,ep25coroneldorreo@hotmail.com.ar,Estatal,Oficial,ESCUELA DE EDUCACIÓN PRIMARIA,INTERIOR,Urbano,0,Oficial,SEDE,Primera,Dirección Provincial de Educación Primaria,600100228,Inicial 2026,193,99,94,12,"MAÑANA,TARDE",608989,0,25,-34.88857790704149,-57.99836686173556
06441,La Plata,233,"ESCUELA DE EDUCACIÓN PRIMARIA Nº26 ""MAGDALENA GÜEMES DE TEJADA""",Región 1,0001PP0026,60287800,Educación Común,Nivel Primario,207 E/516 Y 516 BIS - S/N,221-491-3316,,primaria26laplata@abc.gob.ar,Estatal,Oficial,ESCUELA DE EDUCACIÓN PRIMARIA,INTERIOR,Urbano,1,Oficial,SEDE,Primera,Dirección Provincial de Educación Primaria,600105209,Inicial 2026,1126,585,541,36,"MAÑANA,TARDE",602878,0,26,-34.9810015620151,-58.091113841969374
06441,La Plata,234,"ESCUELA DE EDUCACIÓN PRIMARIA Nº27 ""CRUCERO GENERAL BELGRANO""",Región 1,0001PP0027,60922700,Educación Común,Nivel Primario,4 E/ 611 Y 612 - S/N,221-486-2815,,ep27lp@gmail.com,Estatal,Oficial,ESCUELA DE EDUCACIÓN PRIMARIA,INTERIOR,Urbano,0,Oficial,SEDE,Primera,Dirección Provincial de Educación Primaria,600100271,Inicial 2026,500,280,220,20,"MAÑANA,TARDE",609227,0,27,-34.95395663498621,-57.887256132856606
06441,La Plata,235,"ESCUELA DE EDUCACIÓN PRIMARIA Nº28 ""REPUBLICA DEL PERU""",Región 1,0001PP0028,60923200,Educación Común,Nivel Primario,185 Y 78 - 2310,221-496-2113,21383,primaria28laplata@abc.gob.ar,Estatal,Oficial,ESCUELA DE EDUCACIÓN PRIMARIA,INTERIOR,Rural Disperso,2,Oficial,SEDE,Primera,Dirección Provincial de Educación Primaria,600101355,Inicial 2026,696,353,343,24,"MAÑANA,TARDE",609232,0,28,-35.00997221804015,-58.00188790090018
06441,La Plata,236,"ESCUELA DE EDUCACIÓN PRIMARIA Nº29 ""JOAQUIN CASTELLANOS""",Región 1,0001PP0029,60285200,Educación Común,Nivel Primario,25 E/ 526 Y 527 - 29,221-479-8767,?,ep29.laplata@hotmail.com,Estatal,Oficial,ESCUELA DE EDUCACIÓN PRIMARIA,INTERIOR,Urbano,0,Oficial,SEDE,Primera,Dirección Provincial de Educación Primaria,600102592,Inicial 2026,523,264,259,24,"MAÑANA,TARDE",602852,0,29,-34.91283797540548,-57.99314988000414
06441,La Plata,237,"ESCUELA DE EDUCACIÓN PRIMARIA Nº30 ""TERESA PUCCIARELLI""",Región 1,0001PP0030,60285100,Educación Común,Nivel Primario,15  ENTRE 521 Y 522 - 1071,221-421-9234,21387,mirirosgerez@hotmail.com,Estatal,Oficial,ESCUELA DE EDUCACIÓN PRIMARIA,INTERIOR,Urbano,0,Oficial,SEDE,Primera,Dirección Provincial de Educación Primaria,600102603,Inicial 2026,281,137,144,12,"""DOBLE ESCOLARIDAD""",602851,0,30,-34.89910687727719,-57.98892602890721
06441,La Plata,238,"ESCUELA DE EDUCACIÓN PRIMARIA Nº31 ""NUESTRA SEÑORA DEL CARMEN DE CUYO""",Región 1,0001PP0031,60285300,Educación Común,Nivel Primario,3 E/ 527 Y 528 - 436,221-483-4326,21260,bgarcia5@abc.gob.ar,Estatal,Oficial,ESCUELA DE EDUCACIÓN PRIMARIA,INTERIOR,Urbano,0,Oficial,SEDE,Primera,Dirección Provincial de Educación Primaria,600102537,Inicial 2026,285,153,132,12,"MAÑANA,TARDE",602853,0,31,-34.893134779780596,-57.970071592033904
06441,La Plata,239,"ESCUELA DE EDUCACIÓN PRIMARIA Nº32 ""ARTURO SEGUI""",Región 1,0001PP0032,60887000,Educación Común,Nivel Primario,144 E/ 414 Y 415 - S/N,221-474-2657,21348,primaria32laplata@abc.gob.ar,Estatal,Oficial,ESCUELA DE EDUCACIÓN PRIMARIA,INTERIOR,Urbano,1,Oficial,SEDE,Primera,Dirección Provincial de Educación Primaria,600100339,Inicial 2026,486,250,236,19,"""DOBLE ESCOLARIDAD""",608870,0,32,-34.88783466503546,-58.125633009151954
06441,La Plata,240,"ESCUELA DE EDUCACIÓN PRIMARIA Nº33 ""JUAN MANUEL ORTIZ DE ROZAS""",Región 1,0001PP0033,60286000,Educación Común,Nivel Primario,8 ESQ. 38 - S/N,221-421-6304,,escuelaprimaria33lp@gmail.com,Estatal,Oficial,ESCUELA DE EDUCACIÓN PRIMARIA,INTERIOR,Urbano,0,Oficial,SEDE,Primera,Dirección Provincial de Educación Primaria,600102724,Inicial 2026,481,257,224,24,"MAÑANA,TARDE",602860,0,33,-34.90695727435506,-57.96310875206097
06441,La Plata,241,"ESCUELA DE EDUCACIÓN PRIMARIA Nº34 ""CELIA ZEBALLOS DE HEREDIA""",Región 1,0001PP0034,60416600,Educación Común,Nivel Primario,461 B - S/N,221-534-7171,21335,primaria34laplata@abc.gob.ar,Estatal,Oficial,ESCUELA DE EDUCACIÓN PRIMARIA,INTERIOR,Urbano,0,Oficial,SEDE,Segunda,Dirección Provincial de Educación Primaria,600102397,Inicial 2026,114,64,50,6,"MAÑANA,TARDE",604166,0,34,-34.867996725965384,-58.05870283736115
06441,La Plata,242,"ESCUELA DE EDUCACIÓN PRIMARIA Nº35 ""LEANDRO N. ALEM""",Región 1,0001PP0035,60923000,Educación Común,Nivel Primario,90 Y 155 - S/N,221-566-5222,96333,primaria35laplata@abc.gob.ar,Estatal,Oficial,ESCUELA DE EDUCACIÓN PRIMARIA,INTERIOR,Rural Disperso,3,Oficial,SEDE,Segunda,Dirección Provincial de Educación Primaria,600101902,Inicial 2026,397,208,189,12,"""DOBLE ESCOLARIDAD""",609230,0,35,-34.98885722727554,-57.95881931235503
06441,La Plata,243,"ESCUELA DE EDUCACIÓN PRIMARIA Nº36 ""DR. CARLOS LUIS SPEGAZZINI""",Región 1,0001PP0036,60298300,Educación Común,Nivel Primario,495 ESQ. 25 - 3006,221-471-3643,21362,primaria36laplata@abc.gob.ar,Estatal,Oficial,ESCUELA DE EDUCACIÓN PRIMARIA,INTERIOR,Urbano,0,Oficial,SEDE,Primera,Dirección Provincial de Educación Primaria,600102473,Inicial 2026,262,142,120,13,"MAÑANA,TARDE",602983,0,36,-34.89114430056596,-58.026657512528836
06441,La Plata,244,"ESCUELA DE EDUCACIÓN PRIMARIA Nº37 ""REMEDIOS DE ESCALADA""",Región 1,0001PP0037,60887600,Educación Común,Nivel Primario,Nº 2 E/ 44 Y 45 - 639,221-421-5393,21066,primaria37laplata@abc.gob.ar,Estatal,Oficial,ESCUELA DE EDUCACIÓN PRIMARIA,INTERIOR,Urbano,0,Oficial,SEDE,Primera,Dirección Provincial de Educación Primaria,600102730,Inicial 2026,318,165,153,14,"MAÑANA,TARDE",608876,0,37,-34.906772886840415,-57.94942914804089
06441,La Plata,245,"ESCUELA DE EDUCACIÓN PRIMARIA Nº38 ""JOAQUIN V. GONZALEZ""",Región 1,0001PP0038,60298200,Educación Común,Nivel Primario,18 E/ 487 Y 488 - S/N,221-484-1193,21283,primaria18laplata@abc.gob.ar,Estatal,Oficial,ESCUELA DE EDUCACIÓN PRIMARIA,INTERIOR,Urbano,0,Oficial,SEDE,Primera,Dirección Provincial de Educación Primaria,600101386,Inicial 2026,431,241,190,22,"MAÑANA,TARDE",602982,0,38,-34.881237087933805,-58.03356159329781
06441,La Plata,246,"ESCUELA DE EDUCACIÓN PRIMARIA Nº39 ""JUSTO JOSÉ DE URQUIZA""",Región 1,0001PP0039,60288100,Educación Común,Nivel Primario,173 Y 517 - S/N,221-478-0015,21376,ro-garavaglia@hotmail.com,Estatal,Oficial,ESCUELA DE EDUCACIÓN PRIMARIA,INTERIOR,Urbano,1,Oficial,SEDE,Primera,Dirección Provincial de Educación Primaria,600100318,Inicial 2026,758,393,365,24,"MAÑANA,TARDE",602881,0,39,-34.95050648128627,-58.054242118174244
06441,La Plata,247,"ESCUELA DE EDUCACIÓN PRIMARIA Nº40 ""MARTINIANO LEGUIZAMON""",Región 1,0001PP0040,60922900,Educación Común,Nivel Primario,20 Y 83 BIS - S/N,221-451-3796,21410,primaria40laplata@abc.gob.ar,Estatal,Oficial,ESCUELA DE EDUCACIÓN PRIMARIA,INTERIOR,Urbano,0,Oficial,SEDE,Primera,Dirección Provincial de Educación Primaria,600102748,Inicial 2026,508,267,241,18,"MAÑANA,TARDE",609229,0,40,-34.95217530320824,-57.92885567798847
06441,La Plata,248,"ESCUELA DE EDUCACIÓN PRIMARIA Nº41 ""PROFESOR FRANCISCO GUERRINI""",Región 1,0001PP0041,60304400,Educación Común,Nivel Primario,520 E/ 138 Y 139 - S/N,221-470-6910,21206,roponce8@abc.gob.ar,Estatal,Oficial,ESCUELA DE EDUCACIÓN PRIMARIA,INTERIOR,Urbano,0,Oficial,SEDE,Primera,Dirección Provincial de Educación Primaria,600100341,Inicial 2026,1075,548,527,37,"""DOBLE ESCOLARIDAD"",MAÑANA,TARDE",603044,0,41,-34.920299571051125,-58.01595896129117
06441,La Plata,249,"ESCUELA DE EDUCACIÓN PRIMARIA Nº42 ""LEOPOLDO HERRERA""",Región 1,0001PP0042,60900500,Educación Común,Nivel Primario,22 - 1338,221-451-0607,21022,ep42lp@gmail.com,Estatal,Oficial,ESCUELA DE EDUCACIÓN PRIMARIA,INTERIOR,Urbano,0,Oficial,SEDE,Primera,Dirección Provincial de Educación Primaria,600100244,Inicial 2026,629,296,333,24,"MAÑANA,TARDE",609005,0,42,-34.937450283839866,-57.95331351997581
06441,La Plata,250,"ESCUELA DE EDUCACIÓN PRIMARIA Nº43 ""JUAN JOSÉ ATENCIO""",Región 1,0001PP0043,60072500,Educación Común,Nivel Primario,DIAG 79 ESQ. 115 - 485,221-483-1348,21255,escuelap43@gmail.com,Estatal,Oficial,ESCUELA DE EDUCACIÓN PRIMARIA,INTERIOR,Urbano,0,Oficial,SEDE,Primera,Dirección Provincial de Educación Primaria,600100237,Inicial 2026,330,157,173,16,"MAÑANA,TARDE",600725,0,43,-34.914920325009,-57.9323102949773
06441,La Plata,251,"ESCUELA DE EDUCACIÓN PRIMARIA Nº44 ""ELVIRA GONZALEZ GOIZUETA""",Región 1,0001PP0044,60306700,Educación Común,Nivel Primario,471 E/ 19 Y 20 - S/N,221-472-4184,21425,analiacds@yahoo.com.ar,Estatal,Oficial,ESCUELA DE EDUCACIÓN PRIMARIA,INTERIOR,Urbano,0,Oficial,SEDE,Primera,Dirección Provincial de Educación Primaria,600102753,Inicial 2026,207,114,93,12,"MAÑANA,TARDE",603067,0,44,-34.87749670360718,-58.05326858407291
06441,La Plata,252,"ESCUELA DE EDUCACIÓN PRIMARIA Nº45 ""MANUEL ROCHA""",Región 1,0001PP0045,60284000,Educación Común,Nivel Primario,68 E/ 115 Y 116 - 200,221-489-5473,21401,primaria45laplata@abc.gob.ar,Estatal,Oficial,ESCUELA DE EDUCACIÓN PRIMARIA,INTERIOR,Urbano,0,Oficial,SEDE,Primera,Dirección Provincial de Educación Primaria,600102402,Inicial 2026,473,249,224,24,"MAÑANA,TARDE",602840,0,45,-34.920670997564415,-57.924335220387164
06441,La Plata,253,"ESCUELA DE EDUCACIÓN PRIMARIA Nº46 ""VALENTIN VERGARA""",Región 1,0001PP0046,60923400,Educación Común,Nivel Primario,131 Y 642 - S/N,221-491-0339,,primaria46lp@gmail.com,Estatal,Oficial,ESCUELA DE EDUCACIÓN PRIMARIA,INTERIOR,Rural Disperso,1,Oficial,SEDE,Segunda,Dirección Provincial de Educación Primaria,600101956,Inicial 2026,323,136,187,12,"MAÑANA,TARDE",609234,0,46,-34.99814153220148,-57.89028489032783
06441,La Plata,254,"ESCUELA DE EDUCACIÓN PRIMARIA Nº48 ""MARIQUITA SANCHEZ DE THOMPSON""",Región 1,0001PP0048,61336200,Educación Común,Nivel Primario,43 - S/N,221-470-7771,,liliechague@hotmail.com,Estatal,Oficial,ESCUELA DE EDUCACIÓN PRIMARIA,INTERIOR,Urbano,0,Oficial,SEDE,Primera,Dirección Provincial de Educación Primaria,600102626,Inicial 2026,595,300,295,18,"MAÑANA,TARDE",613362,0,48,-34.969686440373835,-58.02160452322474
06441,La Plata,255,"ESCUELA DE EDUCACIÓN PRIMARIA Nº49 ""JOSÉ HERNANDEZ""",Región 1,0001PP0049,60289300,Educación Común,Nivel Primario,"RUTA 36 KM 45,500 - S/N",2229-49-2883,,primaria49laplata@abc.gob.ar,Estatal,Oficial,ESCUELA DE EDUCACIÓN PRIMARIA,INTERIOR,Rural Disperso,2,Oficial,SEDE,Primera,Dirección Provincial de Educación Primaria,600101703,Inicial 2026,336,166,170,12,"MAÑANA,TARDE",602893,0,49,-34.92135181074061,-58.143306858100345
06441,La Plata,256,"ESCUELA DE EDUCACIÓN PRIMARIA Nº50 ""GABRIELA MISTRAL""",Región 1,0001PP0050,60886900,Educación Común,Nivel Primario,142 E/ 70 Y 71 - S/N,221-450-9330,,primaria50laplata@abc.gob.ar,Estatal,Oficial,ESCUELA DE EDUCACIÓN PRIMARIA,INTERIOR,Urbano,1,Oficial,SEDE,Primera,Dirección Provincial de Educación Primaria,600100292,Inicial 2026,612,327,285,22,"MAÑANA,TARDE",608869,0,50,-34.96288641817005,-57.966367377146454
06441,La Plata,257,"ESCUELA DE EDUCACIÓN PRIMARIA Nº52 ""ISLAS MALVINAS""",Región 1,0001PP0052,60926300,Educación Común,Nivel Primario,139 E/ 33 Y 34 - S/N,221-470-8221,21404,primaria52laplata@abc.gob.ar,Estatal,Oficial,ESCUELA DE EDUCACIÓN PRIMARIA,INTERIOR,Urbano,1,Oficial,SEDE,Primera,Dirección Provincial de Educación Primaria,600100497,Inicial 2026,632,308,324,20,"MAÑANA,TARDE",609263,0,52,-34.93217548257638,-58.00040136131499
06441,La Plata,258,"ESCUELA DE EDUCACIÓN PRIMARIA Nº55 ""JUAN VUCETICH""",Región 1,0001PP0055,60911300,Educación Común,Nivel Primario,62 E/ 27 Y 28 - S/N,221-457-0975,21333,primaria55laplata@abc.gob.ar,Estatal,Oficial,ESCUELA DE EDUCACIÓN PRIMARIA,INTERIOR,Urbano,0,Oficial,SEDE,Primera,Dirección Provincial de Educación Primaria,600101630,Inicial 2026,401,219,182,16,"MAÑANA,TARDE",609113,0,55,-34.94230495200827,-57.960412383118644
06441,La Plata,259,"ESCUELA DE EDUCACIÓN PRIMARIA Nº56 ""ALMAFUERTE""",Región 1,0001PP0056,60888700,Educación Común,Nivel Primario,DIAG 73 E/ 36 Y 28 - 2308,221-479-5661,21210,primaria56laplata@abc.gob.ar,Estatal,Oficial,ESCUELA DE EDUCACIÓN PRIMARIA,INTERIOR,Urbano,0,Oficial,SEDE,Primera,Dirección Provincial de Educación Primaria,600101364,Inicial 2026,585,261,324,24,"MAÑANA,TARDE",608887,0,56,-34.922956422197686,-57.9858830144836
06441,La Plata,260,"ESCUELA DE EDUCACIÓN PRIMARIA Nº57 ""JUAN BAUTISTA AMBROSETTI""",Región 1,0001PP0057,60288500,Educación Común,Nivel Primario,186 - 3971,221-491-4608,,vivalver@yahoo.com.ar,Estatal,Oficial,ESCUELA DE EDUCACIÓN PRIMARIA,INTERIOR,Rural Disperso,2,Oficial,SEDE,Primera,Dirección Provincial de Educación Primaria,600105348,Inicial 2026,522,266,256,21,"""DOBLE ESCOLARIDAD""",602885,0,57,-34.94413670717487,-58.089834713200474
06441,La Plata,261,"ESCUELA DE EDUCACIÓN PRIMARIA Nº58 ""VICE-ALMIRANTE VICENTE ESTANISLAO MON",Región 1,0001PP0058,60901200,Educación Común,Nivel Primario,71 Y 18 - S/N,221-451-0388,21020,escuelaprimaria58llplata@abc.gob.ar,Estatal,Oficial,ESCUELA DE EDUCACIÓN PRIMARIA,INTERIOR,Urbano,0,Oficial,SEDE,Primera,Dirección Provincial de Educación Primaria,600102313,Inicial 2026,603,322,281,24,"MAÑANA,TARDE",609012,0,58,-34.94047020872464,-57.94058803562546
06441,La Plata,262,"ESCUELA DE EDUCACIÓN PRIMARIA Nº59 ""PROF. VICTOR MERCANTE""",Región 1,0001PP0059,60641600,Educación Común,Nivel Primario,122 E/ 603 Y 604 - 59,221-486-0844,21296,elizabethvd@hotmail.com,Estatal,Oficial,ESCUELA DE EDUCACIÓN PRIMARIA,INTERIOR,Urbano,1,Oficial,SEDE,Primera,Dirección Provincial de Educación Primaria,600100432,Inicial 2026,456,233,223,16,"MAÑANA,TARDE",606416,0,59,-34.93980356237994,-57.88349332534899
06441,La Plata,263,"ESCUELA DE EDUCACIÓN PRIMARIA Nº60 ""HUGO STUNZ""",Región 1,0001PP0060,60879800,Educación Común,Nivel Primario,2 BIS Y 515 - S/N,221-471-4086,21363,escuelaprimaria60@hotmail.com,Estatal,Oficial,ESCUELA DE EDUCACIÓN PRIMARIA,INTERIOR,Urbano,2,Oficial,SEDE,Segunda,Dirección Provincial de Educación Primaria,600102494,Inicial 2026,136,64,72,7,"""DOBLE ESCOLARIDAD""",608798,0,60,-34.88240840026033,-57.98302810569071
06441,La Plata,264,"ESCUELA DE EDUCACIÓN PRIMARIA Nº61 ""BERNARDINO RIVADAVIA""",Región 1,0001PP0061,60886300,Educación Común,Nivel Primario,52 Y 235 - S/N,221-496-4503,68866,primaria61laplata@abc.gob.ar,Estatal,Oficial,ESCUELA DE EDUCACIÓN PRIMARIA,INTERIOR,Urbano,2,Oficial,SEDE,Primera,Dirección Provincial de Educación Primaria,600101742,Inicial 2026,928,456,472,26,"MAÑANA,TARDE",608863,0,61,-35.03307557297666,-58.07652713771253
06441,La Plata,265,"ESCUELA DE EDUCACIÓN PRIMARIA Nº62 ""REPUBLICA DE CHILE""",Región 1,0001PP0062,60898700,Educación Común,Nivel Primario,131 E/ 77 Y 78 - 2225,221-451-6752,,escuela62laplata@gmail.com,Estatal,Oficial,ESCUELA DE EDUCACIÓN PRIMARIA,INTERIOR,Urbano,0,Oficial,SEDE,Primera,Dirección Provincial de Educación Primaria,600105158,Inicial 2026,630,334,296,24,"MAÑANA,TARDE",608987,0,62,-34.957761684550256,-57.94725656243384
06441,La Plata,266,"ESCUELA DE EDUCACIÓN PRIMARIA Nº63 ""REPUBLICA DE COLOMBIA""",Región 1,0001PP0063,60317600,Educación Común,Nivel Primario,44 Y 155 - S/N,221-479-9771,21409,primaria63laplata@abc.gob.ar,Estatal,Oficial,ESCUELA DE EDUCACIÓN PRIMARIA,INTERIOR,Urbano,0,Oficial,SEDE,Primera,Dirección Provincial de Educación Primaria,600101837,Inicial 2026,758,379,379,24,"""DOBLE ESCOLARIDAD"",MAÑANA,TARDE",603176,0,63,-34.95662773028229,-58.0049956431288
06441,La Plata,267,"ESCUELA DE EDUCACIÓN PRIMARIA Nº64 ""GENERAL MANUEL BELGRANO""",Región 1,0001PP0064,60890400,Educación Común,Nivel Primario,54 E/ 19 Y 20 - 1248,221-451-7357,21189,primaria64laplata@abc.gob.ar,Estatal,Oficial,ESCUELA DE EDUCACIÓN PRIMARIA,INTERIOR,Urbano,0,Oficial,SEDE,Primera,Dirección Provincial de Educación Primaria,600101790,Inicial 2026,258,132,126,14,"MAÑANA,TARDE",608904,0,64,-34.92902402843248,-57.96011865284721
06441,La Plata,268,"ESCUELA DE EDUCACIÓN PRIMARIA Nº65 ""BARTOLOME MITRE""",Región 1,0001PP0065,60296200,Educación Común,Nivel Primario,67 - 635,221-421-5676,21068,primaria65laplata@abc.gob.ar,Estatal,Oficial,ESCUELA DE EDUCACIÓN PRIMARIA,INTERIOR,Urbano,0,Oficial,SEDE,Primera,Dirección Provincial de Educación Primaria,600102559,Inicial 2026,341,183,158,14,"MAÑANA,TARDE",602962,0,65,-34.92743625917206,-57.93447096925305
06441,La Plata,269,"ESCUELA DE EDUCACIÓN PRIMARIA Nº66 ""ALMIRANTE GUILLERMO BROWN""",Región 1,0001PP0066,60643200,Educación Común,Nivel Primario,117 E/ 40 Y 41 - 429,221-483-1217,21254,primaria66laplata@abc.gob.ar,Estatal,Oficial,ESCUELA DE EDUCACIÓN PRIMARIA,INTERIOR,Urbano,0,Oficial,SEDE,Segunda,Dirección Provincial de Educación Primaria,600102619,Inicial 2026,124,60,64,6,"""DOBLE ESCOLARIDAD""",606432,0,66,-34.89953297935333,-57.95013814832033
06441,La Plata,270,"ESCUELA DE EDUCACIÓN PRIMARIA Nº67 ""DR. ENRIGUE V. GALLI""",Región 1,0001PP0067,60416500,Educación Común,Nivel Primario,144 E/ 467 Y 454 - S/N,221-567-5919,21372,mcarociocoria@abc.gob.ar,Estatal,Oficial,ESCUELA DE EDUCACIÓN PRIMARIA,INTERIOR,Urbano,2,Oficial,SEDE,Segunda,Dirección Provincial de Educación Primaria,600102378,Inicial 2026,153,77,76,6,"""DOBLE ESCOLARIDAD""",604165,0,67,-34.90228263253484,-58.07637376912944
06441,La Plata,271,"ESCUELA DE EDUCACIÓN PRIMARIA Nº68 ""JUAN HIPOLITO VIEYTES""",Región 1,0001PP0068,60416400,Educación Común,Nivel Primario,443 E/CAMINO GENERAL BELGRANO Y 24 - S/N,221-473-2898,68756,primaria68laplata@abc.gob,Estatal,Oficial,ESCUELA DE EDUCACIÓN PRIMARIA,INTERIOR,Urbano,0,Oficial,SEDE,Segunda,Dirección Provincial de Educación Primaria,600102769,Inicial 2026,337,191,146,18,"MAÑANA,TARDE",604164,0,68,-34.875158155846194,-58.08644198407687
06441,La Plata,272,"ESCUELA DE EDUCACIÓN PRIMARIA Nº69 ""HUMBERTO D'AMELIO""",Región 1,0001PP0069,60305800,Educación Común,Nivel Primario,452 Y 25 - S/N,221-472-4260,21356,primaria69laplata@abc.gob.ar,Estatal,Oficial,ESCUELA DE EDUCACIÓN PRIMARIA,INTERIOR,Urbano,0,Oficial,SEDE,Primera,Dirección Provincial de Educación Primaria,600105278,Inicial 2026,125,68,57,6,TARDE,603058,0,69,-34.87950468604783,-58.07626524305425
06441,La Plata,273,"ESCUELA DE EDUCACIÓN PRIMARIA Nº70 ""19 DE NOVIEMBRE""",Región 1,0001PP0070,60315200,Educación Común,Nivel Primario,RUTA 36 Y 529 - S/N,221-491-6025,,criponce@abc.gob.ar,Estatal,Oficial,ESCUELA DE EDUCACIÓN PRIMARIA,INTERIOR,Urbano,2,Oficial,SEDE,Segunda,Dirección Provincial de Educación Primaria,600102456,Inicial 2026,272,143,129,12,"MAÑANA,TARDE",603152,0,70,-34.97705791428852,-58.06003018004388
06441,La Plata,274,"ESCUELA DE EDUCACIÓN PRIMARIA Nº71 ""13 DE DICIEMBRE""",Región 1,0001PP0071,60304600,Educación Común,Nivel Primario,140 E/ 49 Y 50 - S/N,221-479-0682,21327,ep7113dediciembre@hotmail.com,Estatal,Oficial,ESCUELA DE EDUCACIÓN PRIMARIA,INTERIOR,Urbano,0,Oficial,SEDE,Primera,Dirección Provincial de Educación Primaria,600100263,Inicial 2026,554,255,299,18,"MAÑANA,TARDE",603046,0,71,-34.94565660746298,-57.98440453803304
06441,La Plata,275,"ESCUELA DE EDUCACIÓN PRIMARIA Nº72 ""HIPOLITO BOUCHARD""",Región 1,0001PP0072,60923100,Educación Común,Nivel Primario,137 Y 86 - S/N,221-621-2480,,primaria72laplata@abc.gob.ar,Estatal,Oficial,ESCUELA DE EDUCACIÓN PRIMARIA,INTERIOR,Urbano,1,Oficial,SEDE,Segunda,Dirección Provincial de Educación Primaria,600101939,Inicial 2026,349,190,159,12,"MAÑANA,TARDE",609231,0,72,-34.96946298672361,-57.9451974090266
06441,La Plata,276,"ESCUELA DE EDUCACIÓN PRIMARIA Nº73 ""CONGRESO DE TUCUMAN""",Región 1,0001PP0073,60322200,Educación Común,Nivel Primario,140 E/ 43 Y 44 - S/N,221-470-7918,,primaria73laplata@abc.gob.ar,Estatal,Oficial,ESCUELA DE EDUCACIÓN PRIMARIA,INTERIOR,Urbano,0,Oficial,SEDE,Primera,Dirección Provincial de Educación Primaria,600102516,Inicial 2026,191,92,99,6,"""DOBLE ESCOLARIDAD""",603222,0,73,-34.941890335766985,-57.99040674556901
06441,La Plata,277,"ESCUELA DE EDUCACIÓN PRIMARIA Nº75 ""DR. ANTONIO P. QUIJANO""",Región 1,0001PP0075,60622100,Educación Común,Nivel Primario,508 E/157 Y 158 - S/N,221-478-2078,21377,primaria75laplata@abc.gob.ar,Estatal,Oficial,ESCUELA DE EDUCACIÓN PRIMARIA,INTERIOR,Urbano,3,Oficial,SEDE,Primera,Dirección Provincial de Educación Primaria,600102487,Inicial 2026,416,215,201,13,"MAÑANA,TARDE",606221,0,75,-34.92880239591098,-58.04800347977176
06441,La Plata,278,"ESCUELA DE EDUCACIÓN PRIMARIA Nº76 ""ING. PEDRO BENOIT""",Región 1,0001PP0076,60285400,Educación Común,Nivel Primario,527 Y 16 - S/N,221-423-3463,21390,martinezmarialaura2010@hotmail.com,Estatal,Oficial,ESCUELA DE EDUCACIÓN PRIMARIA,INTERIOR,Urbano,0,Oficial,SEDE,Segunda,Dirección Provincial de Educación Primaria,600100421,Inicial 2026,227,111,116,12,"MAÑANA,TARDE",602854,0,76,-34.904476829938304,-57.98384175668574
06441,La Plata,279,"ESCUELA DE EDUCACIÓN PRIMARIA Nº77 ""CESAR A. BUSTOS""",Región 1,0001PP0077,60489800,Educación Común,Nivel Primario,RUTA NAC.6 Y RUTA 53 - S/N,221-15-511-8739,,flacovillanueva@yahoo.com.ar,Estatal,Oficial,ESCUELA DE EDUCACIÓN PRIMARIA,INTERIOR,Rural Disperso,3,Oficial,SEDE,Tercera,Dirección Provincial de Educación Primaria,600102140,Inicial 2026,98,54,44,6,MAÑANA,604898,0,77,-35.02302518146526,-58.23048991817211
06441,La Plata,280,"ESCUELA DE EDUCACIÓN PRIMARIA Nº78 ""FRANCISCO LEGARRA""",Región 1,0001PP0078,60884200,Educación Común,Nivel Primario,42 E/ 12 Y 13 - 504,221-483-4879,21261,primaria78laplata@abc.gob.ar,Estatal,Oficial,ESCUELA DE EDUCACIÓN PRIMARIA,INTERIOR,Urbano,0,Oficial,SEDE,Segunda,Dirección Provincial de Educación Primaria,600102164,Inicial 2026,157,92,65,7,MAÑANA,608842,0,78,-34.914549928432834,-57.96334662903742
06441,La Plata,281,"ESCUELA DE EDUCACIÓN PRIMARIA Nº79 ""JOSÉ MARIA BUSTILLO""",Región 1,0001PP0079,60885500,Educación Común,Nivel Primario,115 BIS 530 Y 531 - S/N,221-421-9782,21286,primaria79laplata@abc.gob.ar,Estatal,Oficial,ESCUELA DE EDUCACIÓN PRIMARIA,INTERIOR,Urbano,0,Oficial,SEDE,Primera,Dirección Provincial de Educación Primaria,600102776,Inicial 2026,314,143,171,14,"""DOBLE ESCOLARIDAD""",608855,0,79,-34.892463782163915,-57.963010812452836
06441,La Plata,282,"ESCUELA DE EDUCACIÓN PRIMARIA Nº80 ""PROFESORA MARIA ELENA ALTUBE""",Región 1,0001PP0080,60899900,Educación Común,Nivel Primario,7 BIS - 6051,221-472-4185,,primaria80laplata@abc.gob.ar,Estatal,Oficial,ESCUELA DE EDUCACIÓN PRIMARIA,INTERIOR,Urbano,0,Oficial,SEDE,Segunda,Dirección Provincial de Educación Primaria,600102571,Inicial 2026,71,37,34,6,"""DOBLE ESCOLARIDAD""",608999,0,80,-34.86137930300947,-58.03714620123101
06441,La Plata,283,"ESCUELA DE EDUCACIÓN PRIMARIA Nº81 ""JOSÉ GERVASIO ARTIGAS""",Región 1,0001PP0081,60297600,Educación Común,Nivel Primario,11 Y 491 - 4425,221-484-2025,21302,primaria81laplata@abc.gob.ar,Estatal,Oficial,ESCUELA DE EDUCACIÓN PRIMARIA,INTERIOR,Urbano,1,Oficial,SEDE,Segunda,Dirección Provincial de Educación Primaria,600102384,Inicial 2026,105,54,51,6,TARDE,602976,0,81,-34.87317040518696,-58.018967611160846
06441,La Plata,284,"ESCUELA DE EDUCACIÓN PRIMARIA Nº83 ""CALIXTO OYUELA""",Región 1,0001PP0083,61139300,Educación Común,Nivel Primario,66 - S/N,221-450-1400,,primaria83laplata@abc.gob.ar,Estatal,Oficial,ESCUELA DE EDUCACIÓN PRIMARIA,INTERIOR,Urbano,1,Oficial,SEDE,Primera,Dirección Provincial de Educación Primaria,600100506,Inicial 2026,637,307,330,20,"MAÑANA,TARDE",611393,0,83,-34.969442408436905,-57.98287141607702
06441,La Plata,285,"ESCUELA DE EDUCACIÓN PRIMARIA Nº84 ""MAXIMIO VICTORIA""",Región 1,0001PP0084,60890100,Educación Común,Nivel Primario,7 E/ 75 Y76 - S/N,221-452-3211,21193,primaria84laplata@abc.gob.ar,Estatal,Oficial,ESCUELA DE EDUCACIÓN PRIMARIA,INTERIOR,Urbano,0,Oficial,SEDE,Primera,Dirección Provincial de Educación Primaria,600105297,Inicial 2026,782,409,373,28,"MAÑANA,TARDE",608901,0,84,-34.9337239702897,-57.924685151300025
06441,La Plata,286,"ESCUELA DE EDUCACIÓN PRIMARIA Nº89 ""JUAN ZORRILLA DE SAN MARTÍN""",Región 1,0001PP0089,60885400,Educación Común,Nivel Primario,520 E/ 5 Y 5 BIS - S/N,221-484-2022,21284,primaria89laplata@gmail.com,Estatal,Oficial,ESCUELA DE EDUCACIÓN PRIMARIA,INTERIOR,Urbano,0,Oficial,SEDE,Primera,Dirección Provincial de Educación Primaria,600100356,Inicial 2026,317,154,163,14,"MAÑANA,TARDE",608854,0,89,-34.88869107351991,-57.981003420407795
06441,La Plata,287,"ESCUELA DE EDUCACIÓN PRIMARIA Nº92 ""AMERICA""",Región 1,0001PP0092,60622700,Educación Común,Nivel Primario,DIAGONAL 6 Y 485 - 6370,221-471-4525,21365,primaria92laplata@abc.gob.ar,Estatal,Oficial,ESCUELA DE EDUCACIÓN PRIMARIA,INTERIOR,Urbano,1,Oficial,SEDE,Primera,Dirección Provincial de Educación Primaria,600100957,Inicial 2026,232,127,105,12,"MAÑANA,TARDE",606227,0,92,-34.90500741285895,-58.04619004902647
06441,La Plata,288,"ESCUELA DE EDUCACIÓN PRIMARIA Nº93 ""JOHN F. KENNEDY""",Región 1,0001PP0093,60887100,Educación Común,Nivel Primario,408 Y CNO. GRAL BELGRANO Y 28 - S/N,11-3122-2778,21292,primaria93laplata@abc.gob.ar,Estatal,Oficial,ESCUELA DE EDUCACIÓN PRIMARIA,INTERIOR,Urbano,0,Oficial,SEDE,Primera,Dirección Provincial de Educación Primaria,600102782,Inicial 2026,281,146,135,12,"MAÑANA,TARDE",608871,0,93,-34.86481665756031,-58.110409027450416
06441,La Plata,289,"ESCUELA DE EDUCACIÓN PRIMARIA Nº102 ""DR. DARDO ROCHA""",Región 1,0001PP0102,60286600,Educación Común,Nivel Primario,7 (ESQ. 32) - S/N,221-422-4898,21306,primaria102laplata@abc.gob.ar,Estatal,Oficial,ESCUELA DE EDUCACIÓN PRIMARIA,INTERIOR,Urbano,0,Oficial,SEDE,Primera,Dirección Provincial de Educación Primaria,600105311,Inicial 2026,456,241,215,18,"MAÑANA,TARDE",602866,0,102,-34.900646594860895,-57.96847376564554
06441,La Plata,290,"ESCUELA DE EDUCACIÓN PRIMARIA Nº107 ""GENERAL ENRIQUE MOSCONI""",Región 1,0001PP0107,60889700,Educación Común,Nivel Primario,510 E/ 133 Y 132 BIS - S/N,221-471-4947,21367,primaria107laplata@abc.gob.ar,Estatal,Oficial,ESCUELA DE EDUCACIÓN PRIMARIA,INTERIOR,Urbano,1,Oficial,SEDE,Primera,Dirección Provincial de Educación Primaria,600102544,Inicial 2026,279,142,137,12,"MAÑANA,TARDE",608897,0,107,-34.90657962179543,-58.021181516724226
06441,La Plata,291,"ESCUELA DE EDUCACIÓN PRIMARIA Nº108 ""JUAN MARTÍN DE PUEYRREDÓN""",Región 1,0001PP0108,60315000,Educación Común,Nivel Primario,RUTA 30 - E/ 697 Y 698 - S/N,221-491-1003,,primaria108laplata@abc.gob.ar,Estatal,Oficial,ESCUELA DE EDUCACIÓN PRIMARIA,INTERIOR,Rural Agrupado,2,Oficial,SEDE,Tercera,Dirección Provincial de Educación Primaria,600101918,Inicial 2026,169,86,83,6,"""DOBLE ESCOLARIDAD""",603150,0,108,-35.03328318920535,-57.84228441322188
06441,La Plata,292,"ESCUELA DE EDUCACIÓN PRIMARIA Nº116 ""DR. ALBERT BRUCE SABIN""",Región 1,0001PP0116,61138400,Educación Común,Nivel Primario,146 Y 58 - S/N,221-456-3052,,escuela116lh@gmail.com,Estatal,Oficial,ESCUELA DE EDUCACIÓN PRIMARIA,INTERIOR,Urbano,1,Oficial,SEDE,Primera,Dirección Provincial de Educación Primaria,600105382,Inicial 2026,580,279,301,21,"MAÑANA,TARDE",611384,0,116,-34.95618368732387,-57.983983103131706
06441,La Plata,293,"ESCUELA DE EDUCACIÓN PRIMARIA Nº117 ""LUIS PIEDRABUENA""",Región 1,0001PP0117,60306800,Educación Común,Nivel Primario,28 E/ 471 Y 472. - S/N,221-472-4263,21359,luispiedrabuena117@gmail.com,Estatal,Oficial,ESCUELA DE EDUCACIÓN PRIMARIA,INTERIOR,Urbano,0,Oficial,SEDE,Segunda,Dirección Provincial de Educación Primaria,600102332,Inicial 2026,144,70,74,6,"""DOBLE ESCOLARIDAD""",603068,0,117,-34.88715502578104,-58.05827864603778
06441,La Plata,294,"ESCUELA DE EDUCACIÓN PRIMARIA Nº119 ""LISANDRO OLMOS""",Región 1,0001PP0119,60073100,Educación Común,Nivel Primario,197 E/ 46 Y 47 - S/N,221-496-1022,,primaria119laplata@abc.gob.ar,Estatal,Oficial,ESCUELA DE EDUCACIÓN PRIMARIA,INTERIOR,Urbano,1,Oficial,SEDE,Primera,Dirección Provincial de Educación Primaria,600100302,Inicial 2026,962,522,440,32,"MAÑANA,TARDE",600731,0,119,-34.997854747395735,-58.045598105363204
06441,La Plata,295,"ESCUELA DE EDUCACIÓN PRIMARIA Nº120 ""HERMINIA L. BRUMANA""",Región 1,0001PP0120,60285700,Educación Común,Nivel Primario,17 - 170,221-421-1179,21034,escuelaprimaria120lp@gmail.com,Estatal,Oficial,ESCUELA DE EDUCACIÓN PRIMARIA,INTERIOR,Urbano,0,Oficial,SEDE,Primera,Dirección Provincial de Educación Primaria,600101757,Inicial 2026,335,153,182,13,"MAÑANA,TARDE",602857,0,120,-34.91262170732242,-57.975066014778655
06441,La Plata,296,"ESCUELA DE EDUCACIÓN PRIMARIA Nº121 ""JUAN BAUTISTA AZOPARDO""",Región 1,0001PP0121,60926400,Educación Común,Nivel Primario,6 - S/N,221-457-8735,21417,primaria121laplata@abc.gob.ar,Estatal,Oficial,ESCUELA DE EDUCACIÓN PRIMARIA,INTERIOR,Urbano,0,Oficial,SEDE,Primera,Dirección Provincial de Educación Primaria,600102366,Inicial 2026,488,233,255,20,"MAÑANA,TARDE",609264,0,121,-34.93071885748523,-57.92577671311789
06441,La Plata,297,"ESCUELA DE EDUCACIÓN PRIMARIA Nº123 ""ESTADOS UNIDOS DEL BRASIL""",Región 1,0001PP0123,60287400,Educación Común,Nivel Primario,DIAGONAL 412 Y DIAGONAL 200 (RUTA 2 KM 43800) - S/N,2229-49-2350,,primaria123laplata@abc.gob.ar,Estatal,Oficial,ESCUELA DE EDUCACIÓN PRIMARIA,INTERIOR,Urbano,2,Oficial,SEDE,Primera,Dirección Provincial de Educación Primaria,600105189,Inicial 2026,710,371,339,24,"MAÑANA,TARDE",602874,0,123,-34.92664205216308,-58.178845349092725
06441,La Plata,298,"ESCUELA DE EDUCACIÓN PRIMARIA Nº124 ""PAULA ALBARRACÍN DE SARMIENTO""",Región 1,0001PP0124,60880000,Educación Común,Nivel Primario,CALLE 120 E/523 Y 524 - 859,221-588-2558,68780,primaria124laplata@abc.gob.ar,Estatal,Oficial,ESCUELA DE EDUCACIÓN PRIMARIA,INTERIOR,Urbano,1,Oficial,SEDE,Segunda,Dirección Provincial de Educación Primaria,600102350,Inicial 2026,175,86,89,8,"""DOBLE ESCOLARIDAD""",608800,0,124,-34.88181652113434,-57.96622012934687
06441,La Plata,299,"ESCUELA DE EDUCACIÓN PRIMARIA Nº125 ""MARCOS SASTRE""",Región 1,0001PP0125,60931300,Educación Común,Nivel Primario,82 Y 116 - S/N,221-452-9006,68924,primaria125laplata@abc.gob.ar,Estatal,Oficial,ESCUELA DE EDUCACIÓN PRIMARIA,INTERIOR,Urbano,1,Oficial,SEDE,Primera,Dirección Provincial de Educación Primaria,600102425,Inicial 2026,341,168,173,15,"MAÑANA,TARDE",609313,0,125,-34.93078669717776,-57.90925116866915
06441,La Plata,300,"ESCUELA DE EDUCACIÓN PRIMARIA Nº126 ""DR. FRANCISCO LATRUBESSE""",Región 1,0001PP0126,60052300,Educación Común,Nivel Primario,49 Y 23 - 1345,221-451-8841,,clamich65@hotmail.com,Estatal,Oficial,ESCUELA DE EDUCACIÓN PRIMARIA,INTERIOR,Urbano,0,Oficial,SEDE,Segunda,Dirección Provincial de Educación Primaria,600100935,Inicial 2026,237,115,122,8,"""DOBLE ESCOLARIDAD""",600523,0,126,-34.928987962021225,-57.966864629392894
06441,La Plata,301,"ESCUELA DE EDUCACIÓN PRIMARIA Nº127 ""MARY O'GRAHAM""",Región 1,0001PP0127,60623200,Educación Común,Nivel Primario,51 - 975,221-421-2978,,primaria127laplata@abc.gob.ar,Estatal,Oficial,ESCUELA DE EDUCACIÓN PRIMARIA,INTERIOR,Urbano,0,Oficial,SEDE,Primera,Dirección Provincial de Educación Primaria,600101289,Inicial 2026,845,444,401,27,TARDE,606232,0,127,-34.922102354936,-57.95684338670651
06441,La Plata,302,"ESCUELA DE EDUCACIÓN PRIMARIA Nº128 ""DARDO ROCHA""",Región 1,0001PP0128,60854200,Educación Común,Nivel Primario,DIAGONAL 78 E/4 Y 5 - S/N,221-489-5094,,primaria128laplata@abc.gob.ar,Estatal,Oficial,ESCUELA DE EDUCACIÓN PRIMARIA,INTERIOR,Urbano,0,Oficial,SEDE,Primera,Dirección Provincial de Educación Primaria,600100942,Inicial 2026,543,270,273,28,TARDE,608542,0,128,-34.916375238322736,-57.94179100464451
06441,La Plata,303,"ESCUELA DE EDUCACIÓN PRIMARIA Nº129 ""EN LENGUAS VIVAS""",Región 1,0001PP0129,60882400,Educación Común,Nivel Primario,58 E/8 Y 9 - S/N,221-423-4559,21075,primaria129laplata@abc.gob.ar,Estatal,Oficial,ESCUELA DE EDUCACIÓN PRIMARIA,INTERIOR,Urbano,0,Oficial,SEDE,Primera,Dirección Provincial de Educación Primaria,600101236,Inicial 2026,464,235,229,19,"MAÑANA,TARDE",608824,0,129,-34.92025739935566,-57.94532586638905
06441,La Plata,304,"ESCUELA DE EDUCACIÓN PRIMARIA Nº130 ""ROBERTO THEMIS SPERONI""",Región 1,0001PP0130,61203500,Educación Común,Nivel Primario,465 Y CAMINO GENERAL BELGRANO - S/N,221-472-0713,21295,isperoni@yahoo.com.ar,Estatal,Oficial,ESCUELA DE EDUCACIÓN PRIMARIA,INTERIOR,Urbano,0,Oficial,SEDE,Segunda,Dirección Provincial de Educación Primaria,600101270,Inicial 2026,147,76,71,6,TARDE,612035,0,130,-34.879416170044045,-58.06015278511867
06441,La Plata,305,CENTRO DE FORMACIÓN PROFESIONAL Nº401,Región 1,0001DF0401,61499000,Educación de Jóvenes y Adultos,Formación Profesional,56 - 970,221-482-0901/422003,20019,cfp401laplata@abc.gob.ar,Estatal,Oficial,CENTRO DE FORMACIÓN PROFESIONAL,INTERIOR,Urbano,0,Oficial,SEDE,Primera,Dirección Provincial de Educación Técnico Profesional,600100608,Inicial 2026,1264,595,669,65,"MAÑANA,NOCHE,TARDE,VESPERTINO",614990,0,401,-34.92495444508784,-57.95310750400165
06441,La Plata,306,CENTRO DE FORMACIÓN PROFESIONAL Nº402,Región 1,0001DF0402,61499100,Educación de Jóvenes y Adultos,Formación Profesional,62 E/139 Y 140 - 2244,221-450-8269,68269,cfp402laplata@abc.gob.ar,Estatal,Oficial,CENTRO DE FORMACIÓN PROFESIONAL,INTERIOR,Urbano,0,Oficial,SEDE,Primera,Dirección Provincial de Educación Técnico Profesional,600105416,Inicial 2026,784,328,456,50,"INTERMEDIO,MAÑANA,TARDE,VESPERTINO",614991,0,402,-34.95371793890454,-57.973223075387445
06441,La Plata,307,CENTRO DE FORMACIÓN PROFESIONAL Nº403 INSTITUTO PERF. AERONÁUTICO,Región 1,0001DF0403,61499200,Educación de Jóvenes y Adultos,Formación Profesional,7 Y 610 AERÓDROMO LA PLATA - S/N,-,,instituto.ipa.info@gmail.com,Estatal,Oficial,CENTRO DE FORMACIÓN PROFESIONAL,INTERIOR,Urbano,0,Oficial,SEDE,Segunda,Dirección Provincial de Educación Técnico Profesional,600100612,Inicial 2026,264,240,24,2,"NOCHE,VESPERTINO",614992,0,403,-34.959748345536326,-57.89500001770526
06441,La Plata,308,CENTRO DE FORMACIÓN PROFESIONAL Nº404,Región 1,0001DF0404,61499300,Educación de Jóvenes y Adultos,Formación Profesional,75 - 620,221-451-2601,68966,cfp404laplata@abc.gob.ar,Estatal,Oficial,CENTRO DE FORMACIÓN PROFESIONAL,INTERIOR,Urbano,2,Oficial,SEDE,Primera,Dirección Provincial de Educación Técnico Profesional,600105284,Inicial 2026,1047,882,165,86,"INTERMEDIO,MAÑANA,TARDE",614993,0,404,-34.93381190278951,-57.92516339536706
06007,Adolfo Alsina,309,"CENTRO DE EDUCACIÓN DE ADULTOS Nº701 ""OLGA COSSETTINI""",Región 23,0002DC0701,60415500,Educación de Jóvenes y Adultos,Nivel Primario,PRINGLES - 942,11-6880-9201,,cea701aalsina@abc.gob.ar,Estatal,Oficial,CENTRO DE EDUCACIÓN PRIMARIA DE ADULTOS,INTERIOR,Urbano,0,Oficial,SEDE,S/Datos,"Dirección de Educación de Jóvenes, Adultos y Adultos Mayores",600200074,Inicial 2026,22,8,14,3,"TARDE,VESPERTINO",604155,0,701,-37.17574244585383,-62.75528907843921
06007,Adolfo Alsina,310,CENTRO DE ADULTOS Nº702,Región 23,0002DC0702,60135800,Educación de Jóvenes y Adultos,Nivel Primario,AV. JUAN DOMINGO PERÒN - 52,292-43-2219,22927,cea702aalsina@abc.gob.ar,Estatal,Oficial,CENTRO DE EDUCACIÓN PRIMARIA DE ADULTOS,INTERIOR,Urbano,0,Oficial,SEDE,S/Datos,"Dirección de Educación de Jóvenes, Adultos y Adultos Mayores",600200349,Inicial 2026,5,2,3,1,TARDE,601358,0,702,-37.160033615853486,-63.24181940557078
06007,Adolfo Alsina,311,"CENTRO DE ADULTOS Nº703 ""ALFONSINA STORNI""",Región 23,0002DC0703,60134300,Educación de Jóvenes y Adultos,Nivel Primario,SARMIENTO - 136,2935-49-8465,22930,cea703aalsina@abc.gob.ar,Estatal,Oficial,CENTRO DE EDUCACIÓN PRIMARIA DE ADULTOS,INTERIOR,Rural Agrupado,2,Oficial,SEDE,S/Datos,"Dirección de Educación de Jóvenes, Adultos y Adultos Mayores",600200061,Inicial 2026,4,0,4,1,VESPERTINO,601343,0,703,-36.80109213104905,-63.339060057895104
06007,Adolfo Alsina,312,"ESCUELA ESPECIAL Nº501 ""FUERTE GENERAL BELGRANO""",Región 23,0002EE0501,60674500,Educación Especial,Nivel Primario,PRINGLES - 942,2936-43-2617,,especial501aalsina@abc.gob.ar,Estatal,Oficial,ESCUELA DE EDUCACIÓN ESPECIAL,INTERIOR,Urbano,0,Oficial,SEDE,Primera,Dirección de Educación Especial,600200074,Inicial 2026,49,31,18,0,"MAÑANA,TARDE",606745,0,501,-37.1758019625653,-62.75515898742791
06007,Adolfo Alsina,312,"ESCUELA ESPECIAL Nº501 ""FUERTE GENERAL BELGRANO""",Región 23,0002EE0501,60674500,Educación Especial,Nivel Inicial,PRINGLES - 942,2936-43-2617,,especial501aalsina@abc.gob.ar,Estatal,Oficial,ESCUELA DE EDUCACIÓN ESPECIAL,INTERIOR,Urbano,0,Oficial,SEDE,Primera,Dirección de Educación Especial,600200074,Inicial 2026,19,11,8,0,"MAÑANA,TARDE",606745,0,501,-37.1758019625653,-62.75515898742791
06007,Adolfo Alsina,312,"ESCUELA ESPECIAL Nº501 ""FUERTE GENERAL BELGRANO""",Región 23,0002EE0501,60674500,Educación Especial,Formación Integral,PRINGLES - 942,2936-43-2617,,especial501aalsina@abc.gob.ar,Estatal,Oficial,ESCUELA DE EDUCACIÓN ESPECIAL,INTERIOR,Urbano,0,Oficial,SEDE,Primera,Dirección de Educación Especial,600200074,Inicial 2026,49,31,18,0,"MAÑANA,TARDE",606745,0,501,-37.1758019625653,-62.75515898742791
06007,Adolfo Alsina,313,"ANEXO ESCUELA ESPECIAL Nº502 ""CARMEN MAJOREL""",Región 23,0002EE0542,61663501,Educación Especial,Formación Integral,PUEYRREDÓN Y CASTELLI - S/N,2935-49-8463/67,,ee502rivera@gmail.com,Estatal,Oficial,ESCUELA DE EDUCACIÓN ESPECIAL,INTERIOR,Rural Agrupado,0,Oficial,ANEXO,S/Datos,Dirección de Educación Especial,600200035,Inicial 2026,6,3,3,0,,616635,1,542,-36.80152510459014,-63.340633802291904
06007,Adolfo Alsina,313,"ANEXO ESCUELA ESPECIAL Nº502 ""CARMEN MAJOREL""",Región 23,0002EE0542,61663501,Educación Especial,Nivel Primario,PUEYRREDÓN Y CASTELLI - S/N,2935-49-8463/67,,ee502rivera@gmail.com,Estatal,Oficial,ESCUELA DE EDUCACIÓN ESPECIAL,INTERIOR,Rural Agrupado,0,Oficial,ANEXO,S/Datos,Dirección de Educación Especial,600200035,Inicial 2026,11,6,5,0,,616635,1,542,-36.80152510459014,-63.340633802291904
06007,Adolfo Alsina,314,"ESCUELA ESPECIAL Nº502 ""DON JOSÉ DE SAN MARTÍN""",Región 23,0002EE0502,61663500,Educación Especial,Nivel Inicial,JUAN DOMINGO PERÓN - 152,2935-43-2090,22916,especial502aalsina@abc.gob.ar,Estatal,Oficial,ESCUELA DE EDUCACIÓN ESPECIAL,INTERIOR,Urbano,0,Oficial,SEDE,Segunda,Dirección de Educación Especial,600200026,Inicial 2026,2,1,1,0,"""DOBLE ESCOLARIDAD""",616635,0,502,-37.16208155028427,-63.24301652482692
06007,Adolfo Alsina,314,"ESCUELA ESPECIAL Nº502 ""DON JOSÉ DE SAN MARTÍN""",Región 23,0002EE0502,61663500,Educación Especial,Formación Integral,JUAN DOMINGO PERÓN - 152,2935-43-2090,22916,especial502aalsina@abc.gob.ar,Estatal,Oficial,ESCUELA DE EDUCACIÓN ESPECIAL,INTERIOR,Urbano,0,Oficial,SEDE,Segunda,Dirección de Educación Especial,600200026,Inicial 2026,16,12,4,0,"""DOBLE ESCOLARIDAD""",616635,0,502,-37.16208155028427,-63.24301652482692
06007,Adolfo Alsina,314,"ESCUELA ESPECIAL Nº502 ""DON JOSÉ DE SAN MARTÍN""",Región 23,0002EE0502,61663500,Educación Especial,Nivel Primario,JUAN DOMINGO PERÓN - 152,2935-43-2090,22916,especial502aalsina@abc.gob.ar,Estatal,Oficial,ESCUELA DE EDUCACIÓN ESPECIAL,INTERIOR,Urbano,0,Oficial,SEDE,Segunda,Dirección de Educación Especial,600200026,Inicial 2026,21,14,7,0,"""DOBLE ESCOLARIDAD""",616635,0,502,-37.16208155028427,-63.24301652482692
06007,Adolfo Alsina,315,"CENTRO DE EDUCACIÓN FÍSICA Nº28 ""CACIQUE CALFUCURÁ""",Región 23,0002FC0028,61624600,Educación Física,Educación Física (C.E.F.),MORENO Y ROCA - 1600,2936-43-0853,22922,cef28aalsina@abc.gob.ar,Estatal,Oficial,CENTRO DE EDUCACIÓN FÍSICA,INTERIOR,Urbano,0,Oficial,SEDE,Primera,Dirección de Educación Física,600200090,Inicial 2026,716,248,468,34,"MAÑANA,TARDE,VESPERTINO",616246,0,28,-37.184137282183926,-62.76694030048578
06007,Adolfo Alsina,317,"JARDÍN DE INFANTES Nº901 ""OLGA VIGNAU""",Región 23,0002JI0901,60674400,Educación Común,Nivel Inicial,SARMIENTO Y ROQUE S.PEÑA - S/N,2936-43-0200,22907,ji002901@abc.gov.ar,Estatal,Oficial,JARDÍN DE INFANTES,INTERIOR,Urbano,0,Oficial,SEDE,Primera,Dirección Provincial de Educación Inicial,600200116,Inicial 2026,203,99,104,11,"MAÑANA,TARDE",606744,0,901,-37.17704661664351,-62.76342769757228
06007,Adolfo Alsina,318,"JARDÍN DE INFANTES Nº902 ""OLGA KAPLUM""",Región 23,0002JI0902,60104400,Educación Común,Nivel Inicial,LIBERTAD - 391,2935-43-2778,22918,jardinolgakaplun@gmail.com,Estatal,Oficial,JARDÍN DE INFANTES,INTERIOR,Urbano,0,Oficial,SEDE,Primera,Dirección Provincial de Educación Inicial,600200128,Inicial 2026,130,67,63,8,"MAÑANA,TARDE",601044,0,902,-37.16405196480248,-63.248351593402504
06007,Adolfo Alsina,319,"JARDÍN DE INFANTES Nº903 ""MARIA MONTESSORI""",Región 23,0002JI0903,60415900,Educación Común,Nivel Inicial,AV. 9 DE JULIO - S/N,2924-45-7159,,mpetz2@abc.gob.ar,Estatal,Oficial,JARDÍN DE INFANTES,INTERIOR,Rural Disperso,2,Oficial,SEDE,Tercera,Dirección Provincial de Educación Inicial,600200137,Inicial 2026,20,9,11,1,TARDE,604159,0,903,-37.4470880532239,-63.11443335982847
06007,Adolfo Alsina,320,"JARDÍN DE INFANTES Nº904 ""GABRIELA MISTRAL""",Región 23,0002JI0904,60104600,Educación Común,Nivel Inicial,SARMIENTO - 305,2935-49-8098,22920,ji904villamaza@gmail.com,Estatal,Oficial,JARDÍN DE INFANTES,INTERIOR,Rural Agrupado,2,Oficial,SEDE,Segunda,Dirección Provincial de Educación Inicial,600200144,Inicial 2026,76,39,37,5,"MAÑANA,TARDE",601046,0,904,-36.80304822006147,-63.34040035180867
06007,Adolfo Alsina,321,"JARDÍN DE INFANTES Nº905 ""VILLA EPECUÉN""",Región 23,0002JI0905,60134900,Educación Común,Nivel Inicial,5 E/ CALFULCURÁ Y CALLE 10 - S/N,2936-43-0122,,jardin905carhue@gmail.com,Estatal,Oficial,JARDÍN DE INFANTES,INTERIOR,Urbano,1,Oficial,SEDE,Tercera,Dirección Provincial de Educación Inicial,600200159,Inicial 2026,22,14,8,2,TARDE,601349,0,905,-37.17035651255338,-62.72580380616148
06007,Adolfo Alsina,324,"JARDÍN DE INFANTES RURAL DE MATRÍCULA MÍNIMA Nº10 ""AMÉRICO COPPINI""",Región 23,0002JS0010,60136000,Educación Común,Nivel Inicial,LUCIO V. MANSILLA Y MARTÍN AYERUA - S/N,2923-15-69-5578,,jardinrural10aalsina@abc.gob.ar,Estatal,Oficial,JARDÍN DE INFANTES RURAL E ISLAS DE MATRÍCULA MÍNIMA,INTERIOR,Rural Agrupado,5,Oficial,SEDE,Tercera,Dirección Provincial de Educación Inicial,600200251,Inicial 2026,1,1,0,1,MAÑANA,601360,0,10,-36.87000671165631,-63.04040904232331
06007,Adolfo Alsina,325,"ESCUELA DE EDUCACIÓN SECUNDARIA AGRARIA Nº1 ""DR. BERNARDO DE IRIGOYEN""",Región 23,0002MA0001,60486200,Educación Técnico Profesional,Nivel Secundario,SECCION QUINTAS - S/N,2935-43-2036,22905,eesa1adolfoalsina@abc.gob.ar,Estatal,Oficial,ESCUELA DE EDUCACIÓN SECUNDARIA AGRARIA,INTERIOR,Urbano,2,Oficial,SEDE,Segunda,Dirección Provincial de Educación Técnico Profesional,600200267,Inicial 2026,351,198,153,18,"""DOBLE ESCOLARIDAD""",604862,0,1,-37.15224638959964,-63.259416769598296
06007,Adolfo Alsina,326,CENTRO EDUCATIVO DE NIVEL SECUNDARIO N°451,Región 23,0002DM0451,61132400,Educación de Jóvenes y Adultos,Plan Fines (Trayectos y Deudores),PELLEGRINI - 1076,2936-43-2619,22911,cens451carhue@gmail.com,Estatal,Oficial,CENTRO EDUCATIVO DE NIVEL SECUNDARIO (C.E.N.S.),INTERIOR,Urbano,0,Oficial,SEDE,Segunda,"Dirección de Educación de Jóvenes, Adultos y Adultos Mayores",600200057,Inicial 2026,39,5,34,3,NOCHE,611324,0,451,-37.180025410918375,-62.762056502436664
06007,Adolfo Alsina,326,CENTRO EDUCATIVO DE NIVEL SECUNDARIO N°451,Región 23,0002DM0451,61132400,Educación de Jóvenes y Adultos,Nivel Secundario,PELLEGRINI - 1076,2936-43-2619,22911,cens451carhue@gmail.com,Estatal,Oficial,CENTRO EDUCATIVO DE NIVEL SECUNDARIO (C.E.N.S.),INTERIOR,Urbano,0,Oficial,SEDE,Segunda,"Dirección de Educación de Jóvenes, Adultos y Adultos Mayores",600200057,Inicial 2026,62,20,42,6,NOCHE,611324,0,451,-37.180025410918375,-62.762056502436664
06007,Adolfo Alsina,328,CENTRO EDUCATIVO DE NIVEL SECUNDARIO N°451 - EXTENSIÓN I,Región 23,0002DM2510,61132401,Educación de Jóvenes y Adultos,Nivel Secundario,SARMIENTO - 156,2935-49-8461,22935,cens451aalsina@abc.gob.ar,Estatal,Oficial,CENTRO EDUCATIVO DE NIVEL SECUNDARIO (C.E.N.S.),INTERIOR,Rural Agrupado,1,Oficial,ANEXO,S/Datos,"Dirección de Educación de Jóvenes, Adultos y Adultos Mayores",600200061,Inicial 2026,13,2,11,1,NOCHE,611324,1,2510,-36.800976675461584,-63.33905462787417
06007,Adolfo Alsina,333,"ESCUELA DE EDUCACIÓN PRIMARIA Nº1 ""JOSÉ DE SAN MARTÍN""",Región 23,0002PP0001,60104500,Educación Común,Nivel Primario,PELLEGRINI - 1076,2936-43-2639,22913,primaria1aalsina@abc.gob.ar,Estatal,Oficial,ESCUELA DE EDUCACIÓN PRIMARIA,INTERIOR,Urbano,0,Oficial,SEDE,Primera,Dirección Provincial de Educación Primaria,600200057,Inicial 2026,242,136,106,12,"MAÑANA,TARDE",601045,0,1,-37.180183391224915,-62.76211107329839
06007,Adolfo Alsina,335,"ESCUELA DE EDUCACIÓN PRIMARIA Nº3 ""JUAN BAUTISTA ALBERDI""",Región 23,0002PP0003,60486000,Educación Común,Nivel Primario,ALSINA - 778,2936-43-0851,,primaria3aalsina@abc.gob.ar,Estatal,Oficial,ESCUELA DE EDUCACIÓN PRIMARIA,INTERIOR,Urbano,0,Oficial,SEDE,Segunda,Dirección Provincial de Educación Primaria,600200100,Inicial 2026,139,73,66,7,"""DOBLE ESCOLARIDAD""",604860,0,3,-37.18053344333861,-62.75324234059204
06007,Adolfo Alsina,336,"ESCUELA DE EDUCACIÓN PRIMARIA Nº4 ""ANTARTIDA ARGENTINA""",Región 23,0002PP0004,60415600,Educación Común,Nivel Primario,ZONA RURAL - S/N,2923-44-5958,96301,primaria4aalsina@abc.gob.ar,Estatal,Oficial,ESCUELA DE EDUCACIÓN PRIMARIA,INTERIOR,Rural Agrupado,2,Oficial,SEDE,Tercera,Dirección Provincial de Educación Primaria,600200214,Inicial 2026,5,3,2,1,MAÑANA,604156,0,4,-37.04617182199739,-63.266486245302055
06007,Adolfo Alsina,337,"ESCUELA DE EDUCACIÓN PRIMARIA Nº5 ""MARIANO MORENO""",Región 23,0002PP0005,60415700,Educación Común,Nivel Primario,PARAJE RURAL - S/N,2923-53-8765,96303,primaria5aalsina@abc.gob.ar,Estatal,Oficial,ESCUELA DE EDUCACIÓN PRIMARIA,INTERIOR,Rural Agrupado,2,Oficial,SEDE,Tercera,Dirección Provincial de Educación Primaria,600200185,Inicial 2026,4,1,3,1,TARDE,604157,0,5,-36.92610262782007,-63.29166473853768
06007,Adolfo Alsina,338,"ESCUELA DE EDUCACIÓN PRIMARIA Nº6 ""JULIO ARGENTINO ROCA""",Región 23,0002PP0006,60486100,Educación Común,Nivel Primario,AVDA. SAN MARTÍN - 250,2935-49-8095,22919,egb6aa@gmail.com,Estatal,Oficial,ESCUELA DE EDUCACIÓN PRIMARIA,INTERIOR,Rural Agrupado,2,Oficial,SEDE,Segunda,Dirección Provincial de Educación Primaria,600200061,Inicial 2026,128,64,64,6,"MAÑANA,TARDE",604861,0,6,-36.80085427394906,-63.339078990282005
06007,Adolfo Alsina,339,"ESCUELA DE EDUCACIÓN PRIMARIA Nº7 ""PEDRO ARANCET""",Región 23,0002PP0007,60415800,Educación Común,Nivel Primario,ZONA RURAL - S/N,2923-15-44-1676,96307,primaria7aalsina@abc.gob.ar,Estatal,Oficial,ESCUELA DE EDUCACIÓN PRIMARIA,INTERIOR,Rural Agrupado,5,Oficial,SEDE,Tercera,Dirección Provincial de Educación Primaria,600200331,Inicial 2026,6,2,4,1,TARDE,604158,0,7,-36.66338072275739,-63.36468988080408
06007,Adolfo Alsina,341,"ESCUELA DE EDUCACIÓN PRIMARIA Nº9 ""JOSÉ HERNANDEZ""",Región 23,0002PP0009,60226700,Educación Común,Nivel Primario,ZONA RURAL - S/N,2923-15-40-9987,96311,primaria9aalsina@abc.gob.ar,Estatal,Oficial,ESCUELA DE EDUCACIÓN PRIMARIA,INTERIOR,Rural Disperso,2,Oficial,SEDE,Tercera,Dirección Provincial de Educación Primaria,600200246,Inicial 2026,8,4,4,1,MAÑANA,602267,0,9,-37.37166000119082,-63.055252805272055
06007,Adolfo Alsina,344,"ESCUELA DE EDUCACIÓN PRIMARIA Nº12 ""DOMINGO FAUSTINO SARMIENTO""",Región 23,0002PP0012,60227000,Educación Común,Nivel Primario,AVDA. SAN MARTÍN - 485,2935-43-2219,22917,escuela12rivera@yahoo.com.ar,Estatal,Oficial,ESCUELA DE EDUCACIÓN PRIMARIA,INTERIOR,Urbano,0,Oficial,SEDE,Segunda,Dirección Provincial de Educación Primaria,600200349,Inicial 2026,128,59,69,8,"MAÑANA,TARDE",602270,0,12,-37.16001197168455,-63.242008774303976
06007,Adolfo Alsina,346,"ESCUELA DE EDUCACIÓN PRIMARIA Nº15 ""RUBEN DARIO""",Región 23,0002PP0015,60227200,Educación Común,Nivel Primario,CAMINO PROVINCIAL - S/N,2923-15-69-1645,96315,escuelaprimaria15aalsina@gmail.com,Estatal,Oficial,ESCUELA DE EDUCACIÓN PRIMARIA,INTERIOR,Rural Disperso,2,Oficial,SEDE,Tercera,Dirección Provincial de Educación Primaria,600200233,Inicial 2026,4,1,3,1,TARDE,602272,0,15,-37.24508547040203,-62.552474639213365
06007,Adolfo Alsina,348,"ESCUELA DE EDUCACIÓN PRIMARIA Nº17 ""HIPOLITO YRIGOYEN""",Región 23,0002PP0017,60227400,Educación Común,Nivel Primario,CATRIEL - S/N,2936-43-0810,22925,primaria17aalsina@abc.gob.ar,Estatal,Oficial,ESCUELA DE EDUCACIÓN PRIMARIA,INTERIOR,Urbano,1,Oficial,SEDE,Tercera,Dirección Provincial de Educación Primaria,600200308,Inicial 2026,37,14,23,3,"""DOBLE ESCOLARIDAD""",602274,0,17,-37.17067901230289,-62.72601920934791
06007,Adolfo Alsina,349,"ESCUELA DE EDUCACIÓN PRIMARIA Nº18 ""ISLAS MALVINAS""",Región 23,0002PP0018,60227500,Educación Común,Nivel Primario,AV. 9 DE JULIO - S/N,2924-49-7063,,ep18sma@gmail.com,Estatal,Oficial,ESCUELA DE EDUCACIÓN PRIMARIA,INTERIOR,Rural Disperso,2,Oficial,SEDE,Tercera,Dirección Provincial de Educación Primaria,600200320,Inicial 2026,27,15,12,3,"""DOBLE ESCOLARIDAD""",602275,0,18,-37.44689862736147,-63.11418397657512
06007,Adolfo Alsina,351,"ESCUELA DE EDUCACIÓN PRIMARIA Nº21 ""LUCIO VICTOR MANSILLA""",Región 23,0002PP0021,60227600,Educación Común,Nivel Primario,L. V. MANSILLA - S/N,2392-15-53-9008,96317,ep21leubuco@gmail.com,Estatal,Oficial,ESCUELA DE EDUCACIÓN PRIMARIA,INTERIOR,Rural Agrupado,5,Oficial,SEDE,Tercera,Dirección Provincial de Educación Primaria,600200251,Inicial 2026,5,3,2,1,MAÑANA,602276,0,21,-36.87020486028522,-63.04049395428897
06007,Adolfo Alsina,352,"ESCUELA DE EDUCACIÓN PRIMARIA Nº23 ""PROFESOR RODOLFO SENET""",Región 23,0002PP0023,60227700,Educación Común,Nivel Primario,ZONA RURAL - S/N,2924-49-7218,96318,leonelaberbaj@gmail.com,Estatal,Oficial,ESCUELA DE EDUCACIÓN PRIMARIA,INTERIOR,Rural Disperso,4,Oficial,SEDE,Tercera,Dirección Provincial de Educación Primaria,600200354,Inicial 2026,6,3,3,1,MAÑANA,602277,0,23,-37.34133853450184,-63.161810346986705
06007,Adolfo Alsina,355,"ESCUELA DE EDUCACIÓN PRIMARIA Nº26 ""JOSÉ INGENIEROS""",Región 23,0002PP0026,60227900,Educación Común,Nivel Primario,ZONA RURAL - S/N,2923-15-48-3412,96319,marisaslonimsky@hotmail.com,Estatal,Oficial,ESCUELA DE EDUCACIÓN PRIMARIA,INTERIOR,Rural Disperso,5,Oficial,SEDE,Tercera,Dirección Provincial de Educación Primaria,600200205,Inicial 2026,3,1,2,1,TARDE,602279,0,26,-37.05910964996227,-62.95144931441622
06007,Adolfo Alsina,361,"ESCUELA DE EDUCACIÓN PRIMARIA Nº34 ""NUESTRA SEÑORA DEL CARMEN""",Región 23,0002PP0034,60806500,Educación Común,Nivel Primario,ZONA RURAL - S/N,2923-15-48-3615,96325,primaria34aalsina@abc.gob.ar,Estatal,Oficial,ESCUELA DE EDUCACIÓN PRIMARIA,INTERIOR,Rural Disperso,5,Oficial,SEDE,Tercera,Dirección Provincial de Educación Primaria,600200222,Inicial 2026,4,3,1,1,TARDE,608065,0,34,-36.874639084871184,-63.14722285541396
06007,Adolfo Alsina,362,"ESCUELA DE EDUCACIÓN PRIMARIA Nº36 ""EPUMER""",Región 23,0002PP0036,60228500,Educación Común,Nivel Primario,ZONA RURAL - S/N,2935-41-0043,96326,primaria36aalsina@abc.gob.ar,Estatal,Oficial,ESCUELA DE EDUCACIÓN PRIMARIA,INTERIOR,Rural Agrupado,5,Oficial,SEDE,Tercera,Dirección Provincial de Educación Primaria,600200192,Inicial 2026,9,2,7,1,MAÑANA,602285,0,36,-36.98907440374578,-63.13328728666467
06007,Adolfo Alsina,363,"ESCUELA DE EDUCACIÓN PRIMARIA Nº40 ""DR. RAMÓN RAZQUIN""",Región 23,0002PP0040,60228600,Educación Común,Nivel Primario,BELGRANO ESQ. MITRE - 918,2936-43-0820,22914,equipodirectivo40@yahoo.com.ar,Estatal,Oficial,ESCUELA DE EDUCACIÓN PRIMARIA,INTERIOR,Urbano,0,Oficial,SEDE,Tercera,Dirección Provincial de Educación Primaria,600200019,Inicial 2026,88,47,41,6,"""DOBLE ESCOLARIDAD""",602286,0,40,-37.17756075110075,-62.76149483636201
06007,Adolfo Alsina,364,"ESCUELA DE EDUCACIÓN PRIMARIA Nº41 ""RIO NEGRO""",Región 23,0002PP0041,60228700,Educación Común,Nivel Primario,9 DE JULIO E/COLONIZADORES Y LIBERTAD - 75,2935-43-2780/84,22928,ep41.rivera@gmail.com,Estatal,Oficial,ESCUELA DE EDUCACIÓN PRIMARIA,INTERIOR,Urbano,0,Oficial,SEDE,Segunda,Dirección Provincial de Educación Primaria,600200365,Inicial 2026,148,74,74,7,"MAÑANA,TARDE",602287,0,41,-37.16351866742239,-63.24754167035923
06007,Adolfo Alsina,366,"ESCUELA DE EDUCACIÓN PRIMARIA Nº 44 ""MERCEDITAS""",Región 23,0002PP0044,60228900,Educación Común,Nivel Primario,SAN MARTÍN Y SARMIENTO - S/N,2924-49-0221,22915,escuela44gascon@yahoo.com.ar,Estatal,Oficial,ESCUELA DE EDUCACIÓN PRIMARIA,INTERIOR,Rural Agrupado,2,Oficial,SEDE,Tercera,Dirección Provincial de Educación Primaria,600200377,Inicial 2026,9,5,4,2,TARDE,602289,0,44,-37.45447437298173,-63.25672430868103
06007,Adolfo Alsina,367,"CENTRO DE FORMACIÓN PROFESIONAL Nº401 ""PADRE CASTAÑEDA""",Región 23,0002DF0401,61499400,Educación de Jóvenes y Adultos,Formación Profesional,COLÓN - 664,2936-43-2095,22909,cfpadolfoalsina@gmail.com,Estatal,Oficial,CENTRO DE FORMACIÓN PROFESIONAL,INTERIOR,Urbano,0,Oficial,SEDE,Primera,Dirección Provincial de Educación Técnico Profesional,600200042,Inicial 2026,288,112,176,14,"TARDE,VESPERTINO",614994,0,401,-37.180219031358014,-62.754613536016436
06021,Alberti,369,"ESCUELA ESPECIAL Nº501 ""PROF. MARIO VITALONE""",Región 15,0003EE0501,60964200,Educación Especial,Nivel Inicial,DORREGO E/ 10 DE JUNIO E IRIGOYEN - 113,2346-47-0009,23312,especial501alberti@abc.gob.ar,Estatal,Oficial,ESCUELA DE EDUCACIÓN ESPECIAL,INTERIOR,Urbano,0,Oficial,SEDE,Primera,Dirección de Educación Especial,600300055,Inicial 2026,7,7,0,0,"""DOBLE ESCOLARIDAD""",609642,0,501,-35.03137297558218,-60.28330900270815
06021,Alberti,369,"ESCUELA ESPECIAL Nº501 ""PROF. MARIO VITALONE""",Región 15,0003EE0501,60964200,Educación Especial,Formación Integral,DORREGO E/ 10 DE JUNIO E IRIGOYEN - 113,2346-47-0009,23312,especial501alberti@abc.gob.ar,Estatal,Oficial,ESCUELA DE EDUCACIÓN ESPECIAL,INTERIOR,Urbano,0,Oficial,SEDE,Primera,Dirección de Educación Especial,600300055,Inicial 2026,49,32,17,0,"""DOBLE ESCOLARIDAD""",609642,0,501,-35.03137297558218,-60.28330900270815
06021,Alberti,369,"ESCUELA ESPECIAL Nº501 ""PROF. MARIO VITALONE""",Región 15,0003EE0501,60964200,Educación Especial,Nivel Primario,DORREGO E/ 10 DE JUNIO E IRIGOYEN - 113,2346-47-0009,23312,especial501alberti@abc.gob.ar,Estatal,Oficial,ESCUELA DE EDUCACIÓN ESPECIAL,INTERIOR,Urbano,0,Oficial,SEDE,Primera,Dirección de Educación Especial,600300055,Inicial 2026,38,26,12,0,"""DOBLE ESCOLARIDAD""",609642,0,501,-35.03137297558218,-60.28330900270815
06021,Alberti,369,"ESCUELA ESPECIAL Nº501 ""PROF. MARIO VITALONE""",Región 15,0003EE0501,60964200,Educación Especial,"Residencia Laboral,Pasantías, Artística",DORREGO E/ 10 DE JUNIO E IRIGOYEN - 113,2346-47-0009,23312,especial501alberti@abc.gob.ar,Estatal,Oficial,ESCUELA DE EDUCACIÓN ESPECIAL,INTERIOR,Urbano,0,Oficial,SEDE,Primera,Dirección de Educación Especial,600300055,Inicial 2026,7,7,0,0,"""DOBLE ESCOLARIDAD""",609642,0,501,-35.03137297558218,-60.28330900270815
06021,Alberti,370,CENTRO DE EDUCACIÓN FÍSICA Nº68,Región 15,0003FC0068,61624700,Educación Física,Educación Física (C.E.F.),PANAMA E/BASIL Y CHILE - S/N,2346-47-1595,,cef68alberti@abc.gob.ar,Estatal,Oficial,CENTRO DE EDUCACIÓN FÍSICA,INTERIOR,Urbano,0,Oficial,SEDE,Segunda,Dirección de Educación Física,600300072,Inicial 2026,613,289,324,26,"MAÑANA,TARDE,VESPERTINO",616247,0,68,-35.02824224758148,-60.28815725505313
06021,Alberti,371,"JARDÍN DE INFANTES Nº901 ""DR. ELVIO TOCCALINO""",Región 15,0003JI0901,60349300,Educación Común,Nivel Inicial,BELGRANO E/ ARIAS Y AV. VACCAREZZA - 32,2346-47-1580,23318,jardin901alberti@abc.gob.ar,Estatal,Oficial,JARDÍN DE INFANTES,INTERIOR,Urbano,0,Oficial,SEDE,Primera,Dirección Provincial de Educación Inicial,600300093,Inicial 2026,76,40,36,7,"MAÑANA,TARDE,VESPERTINO",603493,0,901,-35.03157864873547,-60.278466486239196
06021,Alberti,372,"JARDÍN DE INFANTES Nº902 ""MARIQUITA SANCHEZ DE THOMPSON""",Región 15,0003JI0902,60964100,Educación Común,Nivel Inicial,M. GALARDO E/ HERNANDEZ Y 25 DE MAYO - 2149,2342-49-3302,,paponce6@abc.gob.ar,Estatal,Oficial,JARDÍN DE INFANTES,INTERIOR,Rural Agrupado,1,Oficial,SEDE,Segunda,Dirección Provincial de Educación Inicial,601300677,Inicial 2026,55,21,34,4,TARDE,609641,0,902,-35.07078351957616,-60.406331880209095
06021,Alberti,373,"JARDÍN DE INFANTES Nº903 ""GABRIELA MISTRAL""",Región 15,0003JI0903,60349200,Educación Común,Nivel Inicial,SAN LORENZO ESQ. RIVADAVIA - 140,2346-49-2029,69030,jardinin903alberti@abc.gob.ar,Estatal,Oficial,JARDÍN DE INFANTES,INTERIOR,Rural Agrupado,2,Oficial,SEDE,Tercera,Dirección Provincial de Educación Inicial,600300119,Inicial 2026,24,13,11,2,MAÑANA,603492,0,903,-34.845019588244845,-60.30703961946806
06021,Alberti,374,"JARDÍN DE INFANTES Nº904 ""REMEDIOS DE ESCALADA""",Región 15,0003JI0904,60349100,Educación Común,Nivel Inicial,SAN LORENZO E/ URIBURU Y BARBIERI - 71,2346-47-1924,23313,jardin904alberti@abc.gob.ar,Estatal,Oficial,JARDÍN DE INFANTES,INTERIOR,Urbano,0,Oficial,SEDE,Primera,Dirección Provincial de Educación Inicial,600300347,Inicial 2026,82,46,36,6,"MAÑANA,TARDE",603491,0,904,-35.03824977722757,-60.29038143082316
06021,Alberti,375,"JARDÍN DE INFANTES Nº905 ""ROSARIO VERA PEÑALOZA""",Región 15,0003JI0905,60349000,Educación Común,Nivel Inicial,HUBERTO ELLIF - 389,2346-47-1717,23314,jardin905alberti@abc.gob.ar,Estatal,Oficial,JARDÍN DE INFANTES,INTERIOR,Urbano,0,Oficial,SEDE,Segunda,Dirección Provincial de Educación Inicial,600300126,Inicial 2026,50,26,24,4,TARDE,603490,0,905,-35.0241703835562,-60.27570004122378
06021,Alberti,376,"JARDÍN DE INFANTES Nº906 ""MARÍA ELENA WALSH""",Región 15,0003JI0906,60348900,Educación Común,Nivel Inicial,AV. DANIEL BASSI E/ AV. CUARTA Y AV. SEGUNDA DE CIRCUNVALACIÓN - S/N,2346-68-8158,,jardin906pla@gmail.com,Estatal,Oficial,JARDÍN DE INFANTES,INTERIOR,Rural Agrupado,2,Oficial,SEDE,Tercera,Dirección Provincial de Educación Inicial,600300135,Inicial 2026,13,4,9,1,"""DOBLE ESCOLARIDAD""",603489,0,906,-35.12354024854563,-60.216778198144475
06021,Alberti,378,"ESCUELA DE EDUCACIÓN SECUNDARIA AGRARIA Nº1 ""EDUARDO A. CLAUSZ""",Región 15,0003MA0001,60963900,Educación Técnico Profesional,Nivel Secundario,CUARTEL V - S/N,2346-47-0453,23309,eesa1alberti@abc.gob.ar,Estatal,Oficial,ESCUELA DE EDUCACIÓN SECUNDARIA AGRARIA,INTERIOR,Rural Disperso,2,Oficial,SEDE,Tercera,Dirección Provincial de Educación Técnico Profesional,600300188,Inicial 2026,160,97,63,8,"""DOBLE ESCOLARIDAD""",609639,0,1,-34.97937218819649,-60.28922228149922
06021,Alberti,380,"ESCUELA DE EDUCACIÓN SECUNDARIA Nº1 ""RICARDO GÜIRALDES""",Región 15,0003MS0001,60963800,Educación Común,Nivel Secundario,SUIPACHA - 163,2346-49-2026,,secundaria1alberti@abc.gob.ar,Estatal,Oficial,ESCUELA DE EDUCACIÓN SECUNDARIA,INTERIOR,Rural Agrupado,2,Oficial,SEDE,Tercera,Dirección Provincial de Educación Secundaria,600300190,Inicial 2026,70,33,37,6,MAÑANA,609638,0,1,-34.84333639387357,-60.305730689523685
06021,Alberti,381,"ESCUELA DE EDUCACIÓN SECUNDARIA Nº2 ""PABLO A. PIZZURNO""",Región 15,0003MS0002,60963700,Educación Técnico Profesional,Nivel Secundario,LEANDRO N. ALEM - 167,2346-47-0217,,secundaria2alberti@abc.gob.ar,Estatal,Oficial,ESCUELA DE EDUCACIÓN SECUNDARIA,INTERIOR,Urbano,0,Oficial,SEDE,Segunda,Dirección Provincial de Educación Secundaria,600300208,Inicial 2026,12,6,6,1,"MAÑANA,TARDE",609637,0,2,-35.032049217197475,-60.28119140146185
06021,Alberti,381,"ESCUELA DE EDUCACIÓN SECUNDARIA Nº2 ""PABLO A. PIZZURNO""",Región 15,0003MS0002,60963700,Educación Común,Nivel Secundario,LEANDRO N. ALEM - 167,2346-47-0217,,secundaria2alberti@abc.gob.ar,Estatal,Oficial,ESCUELA DE EDUCACIÓN SECUNDARIA,INTERIOR,Urbano,0,Oficial,SEDE,Segunda,Dirección Provincial de Educación Secundaria,600300208,Inicial 2026,363,135,228,18,"MAÑANA,TARDE",609637,0,2,-35.032049217197475,-60.28119140146185
06021,Alberti,382,"ESCUELA DE EDUCACIÓN SECUNDARIA TÉCNICA Nº1 ""ALMIRANTE GUILLERMO BROWN""",Región 15,0003MT0001,60963600,Educación Técnico Profesional,Nivel Secundario,AVDA. GRAL. SAN MARTÍN - 180,2346-47-1218,23310,tecnica1alberti@gmail.com,Estatal,Oficial,ESCUELA DE EDUCACIÓN SECUNDARIA TÉCNICA,INTERIOR,Urbano,0,Oficial,SEDE,Segunda,Dirección Provincial de Educación Técnico Profesional,600300038,Inicial 2026,210,168,42,14,"MAÑANA,VESPERTINO",609636,0,1,-35.03043301677011,-60.286705193489745
06021,Alberti,387,"ESCUELA DE EDUCACIÓN PRIMARIA Nº1 ""ADRIANA VILLA""",Región 15,0003PP0001,61173400,Educación Común,Nivel Primario,ARIAS Y BELGRANO - 152,2346-47-0282,23308,clcabrera1@abc.gob.ar,Estatal,Oficial,ESCUELA DE EDUCACIÓN PRIMARIA,INTERIOR,Urbano,0,Oficial,SEDE,Primera,Dirección Provincial de Educación Primaria,600300220,Inicial 2026,313,151,162,13,"MAÑANA,TARDE",611734,0,1,-35.03083809030543,-60.27802534629255
06021,Alberti,389,"ESCUELA DE EDUCACIÓN PRIMARIA Nº4 ""REMEDIOS DE ESCALADA DE SAN MARTÍN""",Región 15,0003PP0004,61173500,Educación Común,Nivel Primario,CASTELLI - 129,2346-47-0232,23307,primaria4alberti@abc.gob.ar,Estatal,Oficial,ESCUELA DE EDUCACIÓN PRIMARIA,INTERIOR,Urbano,0,Oficial,SEDE,Segunda,Dirección Provincial de Educación Primaria,600300212,Inicial 2026,129,67,62,6,"MAÑANA,TARDE",611735,0,4,-35.03731037347477,-60.27976632765375
06021,Alberti,392,"ESCUELA DE EDUCACIÓN PRIMARIA Nº7 ""GENERAL JOSÉ DE SAN MARTÍN""",Región 15,0003PP0007,60524400,Educación Común,Nivel Primario,CUARTEL VII - S/N,2346-15-45-4388,,mcartier@abc.com.ar,Estatal,Oficial,ESCUELA DE EDUCACIÓN PRIMARIA,INTERIOR,Rural Agrupado,2,Oficial,SEDE,Tercera,Dirección Provincial de Educación Primaria,600300249,Inicial 2026,1,0,1,1,TARDE,605244,0,7,-34.88802786095407,-60.33996801069847
06021,Alberti,394,"ESCUELA DE EDUCACIÓN PRIMARIA Nº10 ""DOMINGO FAUSTINO SARMIENTO""",Región 15,0003PP0010,61173600,Educación Común,Nivel Primario,FRANC. PLA E/ CAMPAGNOLE Y CARDENAS - S/N,2346-60-0678,,eeposto@abc.gob.ar,Estatal,Oficial,ESCUELA DE EDUCACIÓN PRIMARIA,INTERIOR,Rural Agrupado,2,Oficial,SEDE,Tercera,Dirección Provincial de Educación Primaria,600300254,Inicial 2026,17,11,6,2,"""DOBLE ESCOLARIDAD""",611736,0,10,-35.122797959342876,-60.22021063380057
06021,Alberti,396,"ESCUELA DE EDUCACIÓN PRIMARIA Nº13 ""SARGENTO CABRAL""",Región 15,0003PP0013,60524600,Educación Común,Nivel Primario,CUARTEL VI - S/N,2346-41-0967,,vermoreno@abc.gob.ar,Estatal,Oficial,ESCUELA DE EDUCACIÓN PRIMARIA,INTERIOR,Rural Disperso,2,Oficial,SEDE,Tercera,Dirección Provincial de Educación Primaria,600300161,Inicial 2026,6,4,2,1,TARDE,605246,0,13,-35.1666643491802,-60.3327895461005
06021,Alberti,397,"ESCUELA DE EDUCACIÓN PRIMARIA Nº14 ""BARTOLOME MITRE""",Región 15,0003PP0014,60524700,Educación Común,Nivel Primario,ALBIZZATTI Y SAN LORENZO - S/N,2346-47-0245,23306,primaria14alberti@abc.gob.ar,Estatal,Oficial,ESCUELA DE EDUCACIÓN PRIMARIA,INTERIOR,Urbano,0,Oficial,SEDE,Tercera,Dirección Provincial de Educación Primaria,600300352,Inicial 2026,104,61,43,6,"""DOBLE ESCOLARIDAD""",605247,0,14,-35.03810959051993,-60.29053234452566
06021,Alberti,398,"ESCUELA DE EDUCACIÓN PRIMARIA Nº15 ""BERNARDINO RIVADAVIA""",Región 15,0003PP0015,60524800,Educación Común,Nivel Primario,MIGUEL GALARDO - S/N,2342-49-3310,,primaria15alberti@abc.gob.ar,Estatal,Oficial,ESCUELA DE EDUCACIÓN PRIMARIA,INTERIOR,Rural Agrupado,1,Oficial,SEDE,Segunda,Dirección Provincial de Educación Primaria,601300677,Inicial 2026,74,37,37,6,"MAÑANA,TARDE",605248,0,15,-35.07082374760594,-60.406579878345276
06021,Alberti,399,"ESCUELA DE EDUCACIÓN PRIMARIA Nº17 ""PAULA ALBARRACIN""",Región 15,0003PP0017,61173800,Educación Común,Nivel Primario,MORENO Y BELGRANO - S/N,2346-15-51-7261,,primaria17alberti@abc.gob.ar,Estatal,Oficial,ESCUELA DE EDUCACIÓN PRIMARIA,INTERIOR,Rural Agrupado,1,Oficial,SEDE,Tercera,Dirección Provincial de Educación Primaria,600300174,Inicial 2026,7,4,3,1,TARDE,611738,0,17,-35.10851075011008,-60.07119037752053
06021,Alberti,402,"ESCUELA DE EDUCACIÓN PRIMARIA Nº21 ""JUAN BAUTISTA ALBERDI""",Región 15,0003PP0021,60525100,Educación Común,Nivel Primario,RIVADAVIA - 95,2346-49-2045,68864,mademarque@abc.gob.ar,Estatal,Oficial,ESCUELA DE EDUCACIÓN PRIMARIA,INTERIOR,Rural Agrupado,2,Oficial,SEDE,Tercera,Dirección Provincial de Educación Primaria,600300265,Inicial 2026,50,36,14,6,"""DOBLE ESCOLARIDAD""",605251,0,21,-34.84449814701377,-60.302682806494595
06021,Alberti,403,"ESCUELA DE EDUCACIÓN PRIMARIA Nº23 ""VICENTE BARBIERI""",Región 15,0003PP0023,60525200,Educación Común,Nivel Primario,POETA BARBIERI - 60,2346-49-2150,23319,pp003023@abc.gov.ar,Estatal,Oficial,ESCUELA DE EDUCACIÓN PRIMARIA,INTERIOR,Rural Agrupado,2,Oficial,SEDE,Tercera,Dirección Provincial de Educación Primaria,600300142,Inicial 2026,10,6,4,2,MAÑANA,605252,0,23,-34.86629482796288,-60.392105682093096
06021,Alberti,404,"ESCUELA DE EDUCACIÓN PRIMARIA Nº25 ""FLORENTINO AMEGHINO""",Región 15,0003PP0025,61392500,Educación Común,Nivel Primario,CUARTEL X - S/N,2346-58-8986,,primaria25alberti@abc.gob.ar,Estatal,Oficial,ESCUELA DE EDUCACIÓN PRIMARIA,INTERIOR,Rural Disperso,2,Oficial,SEDE,Tercera,Dirección Provincial de Educación Primaria,600300157,Inicial 2026,5,3,2,1,TARDE,613925,0,25,-35.22311622753169,-60.187981383833616
06021,Alberti,405,"CENTRO EDUCATIVO COMPLEMENTARIO Nº1 ""ANDRÉS VACCAREZZA""",Región 15,0003SC0001,61655900,Psicología Comunitaria y Pedagogía Social,Psicología Comunitaria y Pedagogía Social (C.E.C),9 DE JULIO - 181,2346-47-1594,23321,cec801alberti@abc.gob.ar,Estatal,Oficial,CENTRO DE EDUCACIÓN COMPLEMENTARIA,INTERIOR,Urbano,0,Oficial,SEDE,Segunda,Dirección de Psicología Comunitaria y Pedagogía Social,600300017,Inicial 2026,119,54,65,6,"MAÑANA,TARDE",616559,0,1,-35.03290010985203,-60.28403233732233
06021,Alberti,406,"CENTRO EDUCATIVO COMPLEMENTARIO Nº2 ""EL PRINCIPITO""",Región 15,0003SC0002,61656000,Psicología Comunitaria y Pedagogía Social,Psicología Comunitaria y Pedagogía Social (C.E.C),SOLDADO ARGENTINO - 35,2342-49-3374,,centro802mechita@gmail.com,Estatal,Oficial,CENTRO DE EDUCACIÓN COMPLEMENTARIA,INTERIOR,Rural Agrupado,1,Oficial,SEDE,Segunda,Dirección de Psicología Comunitaria y Pedagogía Social,600300334,Inicial 2026,62,28,34,4,"MAÑANA,TARDE",616560,0,2,-35.06668448186606,-60.405136229687656
06028,Almirante Brown,409,CENTRO DE ADULTOS Nº712/02,Región 5,0004DC0712,60181601,Educación de Jóvenes y Adultos,Nivel Primario,LA PAMPA - 756,11-4269-7758,,epa702altebrown@abc.gob.ar,Estatal,Oficial,CENTRO DE EDUCACIÓN PRIMARIA DE ADULTOS,CONURBANO,Urbano,0,Oficial,EXTENSION,S/Datos,"Dirección de Educación de Jóvenes, Adultos y Adultos Mayores",600400037,Inicial 2026,28,7,21,2,VESPERTINO,601816,1,712,-34.76651041302404,-58.35468914448628
06028,Almirante Brown,410,CENTRO DE ADULTOS Nº713/02,Región 5,0004DC0713,60181602,Educación de Jóvenes y Adultos,Nivel Primario,LA TORCAZA - 849,11-4269-7623,,epa702altebrown@abc.gob.ar,Estatal,Oficial,CENTRO DE EDUCACIÓN PRIMARIA DE ADULTOS,CONURBANO,Urbano,1,Oficial,EXTENSION,S/Datos,"Dirección de Educación de Jóvenes, Adultos y Adultos Mayores",600400044,Inicial 2026,36,8,28,2,"TARDE,VESPERTINO",601816,2,713,-34.76228337547623,-58.34657339344518
06028,Almirante Brown,411,CENTRO DE EDUCACIÓN DE ADULTOS Nº 715/03,Región 5,0004DC0715,61327901,Educación de Jóvenes y Adultos,Nivel Primario,GRANADEROS - 923,11-3011-1798,,epa703altebrown@abc.gob.ar,Estatal,Oficial,CENTRO DE EDUCACIÓN PRIMARIA DE ADULTOS,CONURBANO,Urbano,1,Oficial,EXTENSION,S/Datos,"Dirección de Educación de Jóvenes, Adultos y Adultos Mayores",600400059,Inicial 2026,40,8,32,4,"MAÑANA,TARDE,VESPERTINO",613279,1,715,-34.87124663761208,-58.40619538773666
06028,Almirante Brown,412,CENTRO DE EDUCACIÓN DE ADULTOS Nº 716/14,Región 5,0004DC0716,61308001,Educación de Jóvenes y Adultos,Nivel Primario,SCALABRINI ORTIZ - 2560,11-3245-3432,,epa714altebrown@abc.gob.ar,Estatal,Oficial,CENTRO DE EDUCACIÓN PRIMARIA DE ADULTOS,CONURBANO,Urbano,0,Oficial,EXTENSION,S/Datos,"Dirección de Educación de Jóvenes, Adultos y Adultos Mayores",600400063,Inicial 2026,30,9,21,3,TARDE,613080,1,716,-34.8790080796568,-58.37914597564134
06028,Almirante Brown,413,CENTRO DE EDUCACIÓN DE ADULTOS Nº 717/03,Región 5,0004DC0717,61327902,Educación de Jóvenes y Adultos,Nivel Primario,PTE. CASTILLO - 2359,11-4233-5036,,escuela703brown@gmail.com,Estatal,Oficial,CENTRO DE EDUCACIÓN PRIMARIA DE ADULTOS,CONURBANO,Urbano,1,Oficial,EXTENSION,S/Datos,"Dirección de Educación de Jóvenes, Adultos y Adultos Mayores",600400071,Inicial 2026,31,13,18,3,"MAÑANA,VESPERTINO",613279,2,717,-34.87174929365803,-58.369257198686334
06028,Almirante Brown,414,CENTRO DE EDUCACIÓN DE ADULTOS Nº 718/04,Región 5,0004DC0718,60437201,Educación de Jóvenes y Adultos,Nivel Primario,PEDRO GOYENA - 1120,11-5975-6416,,epa704altebrown@abc.gob.ar,Estatal,Oficial,CENTRO DE EDUCACIÓN PRIMARIA DE ADULTOS,CONURBANO,Urbano,0,Oficial,EXTENSION,S/Datos,"Dirección de Educación de Jóvenes, Adultos y Adultos Mayores",600403144,Inicial 2026,43,4,39,2,"MAÑANA,TARDE",604372,1,718,-34.81869711025319,-58.37755092318829
06028,Almirante Brown,416,CENTRO DE EDUCACIÓN DE ADULTOS Nº 720/06,Región 5,0004DC0720,61349203,Educación de Jóvenes y Adultos,Nivel Primario,ARTURO ILLIA Y CAPILLA DEL SEÑOR - 2198,11-5994-5388,,escuela706brown@gmail.com,Estatal,Oficial,CENTRO DE EDUCACIÓN PRIMARIA DE ADULTOS,CONURBANO,Urbano,0,Oficial,EXTENSION,S/Datos,"Dirección de Educación de Jóvenes, Adultos y Adultos Mayores",600400092,Inicial 2026,27,10,17,2,"MAÑANA,VESPERTINO",613492,3,720,-34.80167974608053,-58.37184039609228
06028,Almirante Brown,417,CENTRO DE EDUCACIÓN DE ADULTOS Nº 721/06,Región 5,0004DC0721,61349201,Educación de Jóvenes y Adultos,Nivel Primario,COLON - 3200,11-5994-5388,,escuela706brown@gmail.com,Estatal,Oficial,CENTRO DE EDUCACIÓN PRIMARIA DE ADULTOS,CONURBANO,Urbano,0,Oficial,EXTENSION,S/Datos,"Dirección de Educación de Jóvenes, Adultos y Adultos Mayores",600400102,Inicial 2026,36,6,30,2,VESPERTINO,613492,1,721,-34.794316437152695,-58.35465027129086
06028,Almirante Brown,418,CENTRO DE EDUCACIÓN DE ADULTOS Nº 722/07,Región 5,0004DC0722,60170201,Educación de Jóvenes y Adultos,Nivel Primario,SALABERRY Y RAWSON - S/N,11-6960-5221,,epa707altebrown@abc.gob.ar,Estatal,Oficial,CENTRO DE EDUCACIÓN PRIMARIA DE ADULTOS,CONURBANO,Urbano,1,Oficial,EXTENSION,S/Datos,"Dirección de Educación de Jóvenes, Adultos y Adultos Mayores",600400118,Inicial 2026,65,14,51,3,"TARDE,VESPERTINO",601702,1,722,-34.792200547316156,-58.3240868942924
06028,Almirante Brown,419,CENTRO DE EDUCACIÓN DE ADULTOS Nº 723/07,Región 5,0004DC0723,60170202,Educación de Jóvenes y Adultos,Nivel Primario,NARDO - 6406,-,,epa707altebrown@abc.gob.ar,Estatal,Oficial,CENTRO DE EDUCACIÓN PRIMARIA DE ADULTOS,CONURBANO,Urbano,1,Oficial,EXTENSION,S/Datos,"Dirección de Educación de Jóvenes, Adultos y Adultos Mayores",600400125,Inicial 2026,53,10,43,3,"MAÑANA,VESPERTINO",601702,2,723,-34.786966323935445,-58.318421216663474
06028,Almirante Brown,420,CENTRO DE EDUCACIÓN DE ADULTOS Nº 724/08,Región 5,0004DC0724,60391301,Educación de Jóvenes y Adultos,Nivel Primario,BALBOA Y AZOPARDO - S/N,11-4219-0389,,mariosalvatierra@ciudad.com.ar,Estatal,Oficial,CENTRO DE EDUCACIÓN PRIMARIA DE ADULTOS,CONURBANO,Urbano,1,Oficial,EXTENSION,S/Datos,"Dirección de Educación de Jóvenes, Adultos y Adultos Mayores",600400139,Inicial 2026,106,23,83,5,"MAÑANA,TARDE,VESPERTINO",603913,1,724,-34.78722646003192,-58.331583933349556
06028,Almirante Brown,421,CENTRO DE EDUCACIÓN DE ADULTOS Nº 725/09,Región 5,0004DC0725,61349801,Educación de Jóvenes y Adultos,Nivel Primario,GORRITI Y EL PATO - S/N,11-4277-5022,,epa709altebrown@abc.gob.ar,Estatal,Oficial,CENTRO DE EDUCACIÓN PRIMARIA DE ADULTOS,CONURBANO,Urbano,1,Oficial,EXTENSION,S/Datos,"Dirección de Educación de Jóvenes, Adultos y Adultos Mayores",600403354,Inicial 2026,16,1,15,1,TARDE,613498,1,725,-34.778965912965404,-58.32332808176995
06028,Almirante Brown,422,CENTRO DE EDUCACIÓN DE ADULTOS Nº 726/10,Región 5,0004DC0726,61389701,Educación de Jóvenes y Adultos,Nivel Primario,ALAMO - 3551,11-4297-9518,,elenacarazo@yahoo.com.ar,Estatal,Oficial,CENTRO DE EDUCACIÓN PRIMARIA DE ADULTOS,CONURBANO,Urbano,1,Oficial,EXTENSION,S/Datos,"Dirección de Educación de Jóvenes, Adultos y Adultos Mayores",600400156,Inicial 2026,43,12,31,3,VESPERTINO,613897,1,726,-34.83224367518265,-58.436964183372574
06028,Almirante Brown,423,CENTRO DE EDUCACIÓN DE ADULTOS Nº 727/10,Región 5,0004DC0727,61389702,Educación de Jóvenes y Adultos,Nivel Primario,RETIRO - 2565,11-4297-7165,,elenacarazo@yahoo.com.ar,Estatal,Oficial,CENTRO DE EDUCACIÓN PRIMARIA DE ADULTOS,CONURBANO,Urbano,1,Oficial,EXTENSION,S/Datos,"Dirección de Educación de Jóvenes, Adultos y Adultos Mayores",600400160,Inicial 2026,33,13,20,2,VESPERTINO,613897,2,727,-34.81977704934395,-58.43194094802058
06028,Almirante Brown,425,CENTRO DE EDUCACIÓN DE ADULTOS Nº 729/01,Región 5,0004DC0729,61327701,Educación de Jóvenes y Adultos,Nivel Primario,MITRE - 2250,11-4294-5022,,joaje2003@hotmail.com,Estatal,Oficial,CENTRO DE EDUCACIÓN PRIMARIA DE ADULTOS,CONURBANO,Urbano,0,Oficial,EXTENSION,S/Datos,"Dirección de Educación de Jóvenes, Adultos y Adultos Mayores",600400173,Inicial 2026,34,5,29,2,TARDE,613277,1,729,-34.7907949696283,-58.379312662610324
06028,Almirante Brown,426,CENTRO DE EDUCACIÓN DE ADULTOS Nº 730/04,Región 5,0004DC0730,60437202,Educación de Jóvenes y Adultos,Nivel Primario,LAHILLE Y VUCETICH - S/N,11-5975-6416,,epa704altebrown@abc.gob.ar,Estatal,Oficial,CENTRO DE EDUCACIÓN PRIMARIA DE ADULTOS,CONURBANO,Urbano,1,Oficial,EXTENSION,S/Datos,"Dirección de Educación de Jóvenes, Adultos y Adultos Mayores",600400187,Inicial 2026,51,16,35,3,"MAÑANA,NOCHE",604372,2,730,-34.84293180485776,-58.36369486012764
06028,Almirante Brown,427,CENTRO DE EDUCACIÓN DE ADULTOS Nº 731/10,Región 5,0004DC0731,61389703,Educación de Jóvenes y Adultos,Nivel Primario,PRIETO E/ASAMBLEA Y SANTIAGO DERQUI - S/N,11-6186-7120,,elenacarazo@yahoo.com.ar,Estatal,Oficial,CENTRO DE EDUCACIÓN PRIMARIA DE ADULTOS,CONURBANO,Urbano,1,Oficial,EXTENSION,S/Datos,"Dirección de Educación de Jóvenes, Adultos y Adultos Mayores",600400194,Inicial 2026,30,6,24,2,VESPERTINO,613897,3,731,-34.82196555321199,-58.40753889642668
06028,Almirante Brown,428,CENTRO DE EDUCACIÓN DE ADULTOS Nº 732/05,Región 5,0004DC0732,61328002,Educación de Jóvenes y Adultos,Nivel Primario,EL CHIRIPA Y LA QUERENCIA - S/N,11-4268-8889,,epa705altebrown@abc.gob.ar,Estatal,Oficial,CENTRO DE EDUCACIÓN PRIMARIA DE ADULTOS,CONURBANO,Urbano,0,Oficial,EXTENSION,S/Datos,"Dirección de Educación de Jóvenes, Adultos y Adultos Mayores",600400207,Inicial 2026,26,5,21,2,"MAÑANA,VESPERTINO",613280,2,732,-34.81884727697915,-58.36981917851024
06028,Almirante Brown,429,CENTRO DE EDUCACIÓN DE ADULTOS Nº 733/14,Región 5,0004DC0733,61308002,Educación de Jóvenes y Adultos,Nivel Primario,CALDERON - 295,11-3245-3432,,epa714altebrown@abc.gob.ar,Estatal,Oficial,CENTRO DE EDUCACIÓN PRIMARIA DE ADULTOS,CONURBANO,Urbano,1,Oficial,EXTENSION,S/Datos,"Dirección de Educación de Jóvenes, Adultos y Adultos Mayores",600400211,Inicial 2026,36,9,27,3,"TARDE,VESPERTINO",613080,2,733,-34.87873941289242,-58.346970769683104
06028,Almirante Brown,431,CENTRO DE EDUCACIÓN DE ADULTOS Nº 735/01,Región 5,0004DC0735,61327702,Educación de Jóvenes y Adultos,Nivel Primario,BYNNON - 1649,11-4294-5022,,trizmartin@yahoo.com.ar,Estatal,Oficial,CENTRO DE EDUCACIÓN PRIMARIA DE ADULTOS,CONURBANO,Urbano,0,Oficial,EXTENSION,S/Datos,"Dirección de Educación de Jóvenes, Adultos y Adultos Mayores",600400224,Inicial 2026,17,6,11,1,TARDE,613277,2,735,-34.79556667105999,-58.38567530878389
06028,Almirante Brown,432,CENTRO DE EDUCACIÓN DE ADULTOS Nº 736/08,Región 5,0004DC0736,60391302,Educación de Jóvenes y Adultos,Nivel Primario,SAN JERONIMO Y SAN CARLOS - S/N,-,,mariosalvatierra@ciudad.com.ar,Estatal,Oficial,CENTRO DE EDUCACIÓN PRIMARIA DE ADULTOS,CONURBANO,Urbano,0,Oficial,EXTENSION,S/Datos,"Dirección de Educación de Jóvenes, Adultos y Adultos Mayores",600400230,Inicial 2026,28,6,22,2,"MAÑANA,TARDE",603913,2,736,-34.78311648370315,-58.33659769263373
06028,Almirante Brown,433,CENTRO DE EDUCACIÓN DE ADULTOS Nº 737/09,Región 5,0004DC0737,61349802,Educación de Jóvenes y Adultos,Nivel Primario,JORGE - 4970,11-4211-5601,,epa709altebrown@abc.gob.ar,Estatal,Oficial,CENTRO DE EDUCACIÓN PRIMARIA DE ADULTOS,CONURBANO,Urbano,1,Oficial,EXTENSION,S/Datos,"Dirección de Educación de Jóvenes, Adultos y Adultos Mayores",600400248,Inicial 2026,25,8,17,2,TARDE,613498,2,737,-34.77779038815109,-58.34263380813658
06028,Almirante Brown,434,CENTRO DE EDUCACIÓN DE ADULTOS Nº 738/01,Región 5,0004DC0738,61327703,Educación de Jóvenes y Adultos,Nivel Primario,MITRE - 3258,11-4294-5022,,trizmartin@yahoo.com.ar,Estatal,Oficial,CENTRO DE EDUCACIÓN PRIMARIA DE ADULTOS,CONURBANO,Urbano,0,Oficial,EXTENSION,S/Datos,"Dirección de Educación de Jóvenes, Adultos y Adultos Mayores",600403320,Inicial 2026,32,11,21,2,TARDE,613277,3,738,-34.78352851708555,-58.36605396066756
06028,Almirante Brown,435,ESCUELA DE EDUCACIÓN DE ADULTOS N° 739,Región 5,0004DE0739,62118400,Educación de Jóvenes y Adultos,Nivel Primario,ADOLFO BÉCQUER - 697,11-15-6361-4563,,epa739altebrown@abc.gob.ar,Estatal,Oficial,ESCUELA DE EDUCACIÓN PRIMARIA DE ADULTOS,CONURBANO,Urbano,0,Oficial,SEDE,Segunda,"Dirección de Educación de Jóvenes, Adultos y Adultos Mayores",600401797,Inicial 2026,145,27,118,9,"ALTERNADO,MAÑANA,TARDE,VESPERTINO",621184,0,739,-34.89391357202847,-58.388263871511796
06028,Almirante Brown,436,CENTRO DE EDUCACIÓN DE ADULTOS Nº 740/03,Región 5,0004DC0740,61327903,Educación de Jóvenes y Adultos,Nivel Primario,ALTE. IRIZAR - 168,11-4233-5036,,escuela703brown@gmail.com,Estatal,Oficial,CENTRO DE EDUCACIÓN PRIMARIA DE ADULTOS,CONURBANO,Urbano,1,Oficial,EXTENSION,S/Datos,"Dirección de Educación de Jóvenes, Adultos y Adultos Mayores",600400269,Inicial 2026,81,32,49,5,"MAÑANA,TARDE",613279,3,740,-34.84873898736113,-58.371328213744754
06028,Almirante Brown,437,CENTRO DE EDUCACIÓN DE ADULTOS Nº 741/06,Región 5,0004DC0741,61349202,Educación de Jóvenes y Adultos,Nivel Primario,CABRERA Y CERRETTI - S/N,11-5994-5388,,escuela706brown@gmail.com,Estatal,Oficial,CENTRO DE EDUCACIÓN PRIMARIA DE ADULTOS,CONURBANO,Urbano,0,Oficial,EXTENSION,S/Datos,"Dirección de Educación de Jóvenes, Adultos y Adultos Mayores",600400276,Inicial 2026,30,5,25,2,"MAÑANA,VESPERTINO",613492,2,741,-34.811858672338815,-58.37581761788673
06028,Almirante Brown,438,"ESCUELA DE ADULTOS Nº701 ""CECILIA BORJA""",Región 5,0004DE0701,61327700,Educación de Jóvenes y Adultos,Nivel Primario,SEGUI - 710,11-4294-5022,,joaje2003@hotmail.com,Estatal,Oficial,ESCUELA DE EDUCACIÓN PRIMARIA DE ADULTOS,CONURBANO,Urbano,0,Oficial,SEDE,Segunda,"Dirección de Educación de Jóvenes, Adultos y Adultos Mayores",600400282,Inicial 2026,93,39,54,6,"MAÑANA,TARDE,VESPERTINO",613277,0,701,-34.80006497561716,-58.39588155119074
06028,Almirante Brown,439,"ESCUELA DE ADULTOS Nº702 ""MAESTRO EDUARDO TORRES""",Región 5,0004DE0702,60181600,Educación de Jóvenes y Adultos,Nivel Primario,BYNNON Y CORRIENTES - 3781,11-4291-0332,,ode0040702@abc.gov.ar,Estatal,Oficial,ESCUELA DE EDUCACIÓN PRIMARIA DE ADULTOS,CONURBANO,Urbano,1,Oficial,SEDE,Segunda,"Dirección de Educación de Jóvenes, Adultos y Adultos Mayores",600400295,Inicial 2026,53,15,38,3,"MAÑANA,VESPERTINO",601816,0,702,-34.780730654195224,-58.35888281358887
06028,Almirante Brown,440,"ESCUELA DE ADULTOS Nº703 ""PATRICIAS MENDOCINAS""",Región 5,0004DE0703,61327900,Educación de Jóvenes y Adultos,Nivel Primario,AV. BURGWAROT - 1015,11-4233-5036,,escuela703brown@gmail.com,Estatal,Oficial,ESCUELA DE EDUCACIÓN PRIMARIA DE ADULTOS,CONURBANO,Urbano,0,Oficial,SEDE,Primera,"Dirección de Educación de Jóvenes, Adultos y Adultos Mayores",600400305,Inicial 2026,88,33,55,8,"MAÑANA,TARDE,VESPERTINO",613279,0,703,-34.86089098732818,-58.38377463409013
06028,Almirante Brown,441,ESCUELA DE ADULTOS Nº704,Región 5,0004DE0704,60437200,Educación de Jóvenes y Adultos,Nivel Primario,25 DE MAYO - 876,11-4238-4371,,mirtabertuzzi@gmail.com,Estatal,Oficial,ESCUELA DE EDUCACIÓN PRIMARIA DE ADULTOS,CONURBANO,Urbano,0,Oficial,SEDE,Primera,"Dirección de Educación de Jóvenes, Adultos y Adultos Mayores","600401824,600400314",Inicial 2026,175,45,130,8,"MAÑANA,TARDE,VESPERTINO",604372,0,704,-34.82540938939346,-58.39426130128893
06028,Almirante Brown,442,"ESCUELA DE ADULTOS Nº705 ""ITATÍ""",Región 5,0004DE0705,61328000,Educación de Jóvenes y Adultos,Nivel Primario,FIGUEROA - 781,11-6938-7193,70532,pazmariaeuge@gmail.com,Estatal,Oficial,ESCUELA DE EDUCACIÓN PRIMARIA DE ADULTOS,CONURBANO,Urbano,1,Oficial,SEDE,Primera,"Dirección de Educación de Jóvenes, Adultos y Adultos Mayores",600400322,Inicial 2026,234,62,172,13,"MAÑANA,TARDE,VESPERTINO",613280,0,705,-34.82506127510999,-58.34973123417812
06028,Almirante Brown,443,ESCUELA DE ADULTOS Nº706,Región 5,0004DE0706,61349200,Educación de Jóvenes y Adultos,Nivel Primario,AZOPARDO - 2953,11-4219-1505,,escuela706brown@gmail.com,Estatal,Oficial,ESCUELA DE EDUCACIÓN PRIMARIA DE ADULTOS,CONURBANO,Urbano,0,Oficial,SEDE,Segunda,"Dirección de Educación de Jóvenes, Adultos y Adultos Mayores",600400333,Inicial 2026,63,25,38,4,"MAÑANA,TARDE,VESPERTINO",613492,0,706,-34.80273700633175,-58.362789619546675
06028,Almirante Brown,444,"ESCUELA DE ADULTOS Nº707 ""DR. JUAN CARLOS SALABERRY""",Región 5,0004DE0707,60170200,Educación de Jóvenes y Adultos,Nivel Primario,BOLLINI - 99,11-4219-0181,,epa707altebrown@abc.gob.ar,Estatal,Oficial,ESCUELA DE EDUCACIÓN PRIMARIA DE ADULTOS,CONURBANO,Urbano,0,Oficial,SEDE,Primera,"Dirección de Educación de Jóvenes, Adultos y Adultos Mayores","600400346,600401709",Inicial 2026,149,42,107,8,"MAÑANA,TARDE,VESPERTINO",601702,0,707,-34.79823299905244,-58.33608846840582
06028,Almirante Brown,445,ESCUELA DE ADULTOS Nº708,Región 5,0004DE0708,60391300,Educación de Jóvenes y Adultos,Nivel Primario,CATAMARCA Y AVELLANEDA - S/N,11-6170-7768,,epa708altebrown@abc.gob.ar,Estatal,Oficial,ESCUELA DE EDUCACIÓN PRIMARIA DE ADULTOS,CONURBANO,Urbano,1,Oficial,SEDE,Primera,"Dirección de Educación de Jóvenes, Adultos y Adultos Mayores",600400351,Inicial 2026,92,21,71,6,"MAÑANA,TARDE,VESPERTINO",603913,0,708,-34.782161769648795,-58.34699283544884
06028,Almirante Brown,446,ESCUELA DE ADULTOS Nº709,Región 5,0004DE0709,61349800,Educación de Jóvenes y Adultos,Nivel Primario,LA CALANDRIA - 3178,11-4277-0052,,epa709altebrown@abc.gob.ar,Estatal,Oficial,ESCUELA DE EDUCACIÓN PRIMARIA DE ADULTOS,CONURBANO,Urbano,1,Oficial,SEDE,Primera,"Dirección de Educación de Jóvenes, Adultos y Adultos Mayores","600400367,600401491",Inicial 2026,213,48,165,12,"TARDE,VESPERTINO",613498,0,709,-34.780063873748716,-58.322398128985704
06028,Almirante Brown,447,"ESCUELA DE ADULTOS Nº710 ""SOLDADO RAMON ALDO MORENO""",Región 5,0004DE0710,61389700,Educación de Jóvenes y Adultos,Nivel Primario,PEDRO ECHAGÜE - 347,11-4214-6091,,elenacarazo@yahoo.com.ar,Estatal,Oficial,ESCUELA DE EDUCACIÓN PRIMARIA DE ADULTOS,CONURBANO,Urbano,1,Oficial,SEDE,Segunda,"Dirección de Educación de Jóvenes, Adultos y Adultos Mayores","600400379,600401933",Inicial 2026,86,27,59,4,"TARDE,VESPERTINO",613897,0,710,-34.81603532893096,-58.41750972212778
06028,Almirante Brown,448,ESCUELA DE ADULTOS Nº714,Región 5,0004DE0714,61308000,Educación de Jóvenes y Adultos,Nivel Primario,BS. AS. Y DICARLO - S/N,11-3245-3432,,epa714altebrown@abc.gob.ar,Estatal,Oficial,ESCUELA DE EDUCACIÓN PRIMARIA DE ADULTOS,CONURBANO,Urbano,1,Oficial,SEDE,Primera,"Dirección de Educación de Jóvenes, Adultos y Adultos Mayores","600400380,600403116",Inicial 2026,93,37,56,9,"MAÑANA,TARDE,VESPERTINO",613080,0,714,-34.890224460732455,-58.36192895822769
06028,Almirante Brown,450,"ESCUELA ESPECIAL Nº501 ""JONAS E. SALK""",Región 5,0004EE0501,60189900,Educación Especial,Nivel Primario,JORGE E/ ALSINA Y RODRIGUEZ - 453,11-4294-9343,,domiciliaria501@yahoo.com.ar,Estatal,Oficial,ESCUELA DE EDUCACIÓN ESPECIAL,CONURBANO,Urbano,0,Oficial,SEDE,Primera,Dirección de Educación Especial,600400529,Inicial 2026,42,19,23,0,,601899,0,501,-34.80853003029946,-58.39417148610475
06028,Almirante Brown,450,"ESCUELA ESPECIAL Nº501 ""JONAS E. SALK""",Región 5,0004EE0501,60189900,Educación Especial,Nivel Inicial,JORGE E/ ALSINA Y RODRIGUEZ - 453,11-4294-9343,,domiciliaria501@yahoo.com.ar,Estatal,Oficial,ESCUELA DE EDUCACIÓN ESPECIAL,CONURBANO,Urbano,0,Oficial,SEDE,Primera,Dirección de Educación Especial,600400529,Inicial 2026,2,1,1,0,,601899,0,501,-34.80853003029946,-58.39417148610475
06028,Almirante Brown,450,"ESCUELA ESPECIAL Nº501 ""JONAS E. SALK""",Región 5,0004EE0501,60189900,Educación Especial,Formación Integral,JORGE E/ ALSINA Y RODRIGUEZ - 453,11-4294-9343,,domiciliaria501@yahoo.com.ar,Estatal,Oficial,ESCUELA DE EDUCACIÓN ESPECIAL,CONURBANO,Urbano,0,Oficial,SEDE,Primera,Dirección de Educación Especial,600400529,Inicial 2026,63,32,31,0,,601899,0,501,-34.80853003029946,-58.39417148610475
06028,Almirante Brown,451,"ESCUELA ESPECIAL Nº502 ""OSVALDO MARCELO SAPORITI""",Región 5,0004EE0502,60761000,Educación Especial,Nivel Primario,J. DE LA PEÑA E/ CORDERO Y AVELLANEDA - 692,11-4293-4077,38571,especial502altebrown@abc.gob.ar,Estatal,Oficial,ESCUELA DE EDUCACIÓN ESPECIAL,CONURBANO,Urbano,0,Oficial,SEDE,Primera,Dirección de Educación Especial,600400538,Inicial 2026,146,98,48,0,"MAÑANA,TARDE",607610,0,502,-34.79855326382109,-58.39787480227845
06028,Almirante Brown,451,"ESCUELA ESPECIAL Nº502 ""OSVALDO MARCELO SAPORITI""",Región 5,0004EE0502,60761000,Educación Especial,Nivel Inicial,J. DE LA PEÑA E/ CORDERO Y AVELLANEDA - 692,11-4293-4077,38571,especial502altebrown@abc.gob.ar,Estatal,Oficial,ESCUELA DE EDUCACIÓN ESPECIAL,CONURBANO,Urbano,0,Oficial,SEDE,Primera,Dirección de Educación Especial,600400538,Inicial 2026,13,10,3,0,"MAÑANA,TARDE",607610,0,502,-34.79855326382109,-58.39787480227845
06028,Almirante Brown,451,"ESCUELA ESPECIAL Nº502 ""OSVALDO MARCELO SAPORITI""",Región 5,0004EE0502,60761000,Educación Especial,Formación Integral,J. DE LA PEÑA E/ CORDERO Y AVELLANEDA - 692,11-4293-4077,38571,especial502altebrown@abc.gob.ar,Estatal,Oficial,ESCUELA DE EDUCACIÓN ESPECIAL,CONURBANO,Urbano,0,Oficial,SEDE,Primera,Dirección de Educación Especial,600400538,Inicial 2026,47,32,15,0,"MAÑANA,TARDE",607610,0,502,-34.79855326382109,-58.39787480227845
06028,Almirante Brown,452,"ESCUELA DE EDUCACIÓN ESPECIAL Nº503 ""DR. JOSÉ ALBERTO KELLERTAS""",Región 5,0004EE0503,60806700,Educación Especial,Formación Integral,GUIDO SPANO E/ ALMAFUERTE Y LAMBERTI - 260,2224-42-2741,75571,especial503altebrown@abc.gob.ar,Estatal,Oficial,ESCUELA DE EDUCACIÓN ESPECIAL,CONURBANO,Urbano,0,Oficial,SEDE,Primera,Dirección de Educación Especial,600400540,Inicial 2026,46,34,12,0,"""DOBLE ESCOLARIDAD"",MAÑANA,TARDE",608067,0,503,-34.8895419955656,-58.37705667682216
06028,Almirante Brown,452,"ESCUELA DE EDUCACIÓN ESPECIAL Nº503 ""DR. JOSÉ ALBERTO KELLERTAS""",Región 5,0004EE0503,60806700,Educación Especial,Nivel Inicial,GUIDO SPANO E/ ALMAFUERTE Y LAMBERTI - 260,2224-42-2741,75571,especial503altebrown@abc.gob.ar,Estatal,Oficial,ESCUELA DE EDUCACIÓN ESPECIAL,CONURBANO,Urbano,0,Oficial,SEDE,Primera,Dirección de Educación Especial,600400540,Inicial 2026,44,29,15,0,"""DOBLE ESCOLARIDAD"",MAÑANA,TARDE",608067,0,503,-34.8895419955656,-58.37705667682216
06028,Almirante Brown,452,"ESCUELA DE EDUCACIÓN ESPECIAL Nº503 ""DR. JOSÉ ALBERTO KELLERTAS""",Región 5,0004EE0503,60806700,Educación Especial,Nivel Primario,GUIDO SPANO E/ ALMAFUERTE Y LAMBERTI - 260,2224-42-2741,75571,especial503altebrown@abc.gob.ar,Estatal,Oficial,ESCUELA DE EDUCACIÓN ESPECIAL,CONURBANO,Urbano,0,Oficial,SEDE,Primera,Dirección de Educación Especial,600400540,Inicial 2026,252,169,83,0,"""DOBLE ESCOLARIDAD"",MAÑANA,TARDE",608067,0,503,-34.8895419955656,-58.37705667682216
06028,Almirante Brown,453,ESCUELA ESPECIAL Nº505,Región 5,0004EE0505,61255700,Educación Especial,Nivel Inicial,COLON - 3534,11-4236-5677,,especial505altebrown@abc.gob.ar,Estatal,Oficial,ESCUELA DE EDUCACIÓN ESPECIAL,CONURBANO,Urbano,0,Oficial,SEDE,Primera,Dirección de Educación Especial,600400555,Inicial 2026,30,24,6,0,"""DOBLE ESCOLARIDAD"",MAÑANA",612557,0,505,-34.79294672601068,-58.35226779223414
06028,Almirante Brown,453,ESCUELA ESPECIAL Nº505,Región 5,0004EE0505,61255700,Educación Especial,Formación Integral,COLON - 3534,11-4236-5677,,especial505altebrown@abc.gob.ar,Estatal,Oficial,ESCUELA DE EDUCACIÓN ESPECIAL,CONURBANO,Urbano,0,Oficial,SEDE,Primera,Dirección de Educación Especial,600400555,Inicial 2026,27,16,11,0,"""DOBLE ESCOLARIDAD"",MAÑANA",612557,0,505,-34.79294672601068,-58.35226779223414
06028,Almirante Brown,453,ESCUELA ESPECIAL Nº505,Región 5,0004EE0505,61255700,Educación Especial,Nivel Primario,COLON - 3534,11-4236-5677,,especial505altebrown@abc.gob.ar,Estatal,Oficial,ESCUELA DE EDUCACIÓN ESPECIAL,CONURBANO,Urbano,0,Oficial,SEDE,Primera,Dirección de Educación Especial,600400555,Inicial 2026,222,146,76,0,"""DOBLE ESCOLARIDAD"",MAÑANA",612557,0,505,-34.79294672601068,-58.35226779223414
06028,Almirante Brown,454,ESCUELA ESPECIAL Nº506,Región 5,0004EE0506,60167200,Educación Especial,Formación Integral,SANTIAGO DEL ESTERO Y PIEDRABUENA - 985,11-4219-0518,,especial506altebrown@abc.gob.ar,Estatal,Oficial,ESCUELA DE EDUCACIÓN ESPECIAL,CONURBANO,Urbano,0,Oficial,SEDE,Primera,Dirección de Educación Especial,600400564,Inicial 2026,226,156,70,0,"""DOBLE ESCOLARIDAD"",MAÑANA,TARDE",601672,0,506,-34.782253517584635,-58.354155279940095
06028,Almirante Brown,454,ESCUELA ESPECIAL Nº506,Región 5,0004EE0506,60167200,Educación Especial,Nivel Inicial,SANTIAGO DEL ESTERO Y PIEDRABUENA - 985,11-4219-0518,,especial506altebrown@abc.gob.ar,Estatal,Oficial,ESCUELA DE EDUCACIÓN ESPECIAL,CONURBANO,Urbano,0,Oficial,SEDE,Primera,Dirección de Educación Especial,600400564,Inicial 2026,13,9,4,0,"""DOBLE ESCOLARIDAD"",MAÑANA,TARDE",601672,0,506,-34.782253517584635,-58.354155279940095
06028,Almirante Brown,454,ESCUELA ESPECIAL Nº506,Región 5,0004EE0506,60167200,Educación Especial,Nivel Primario,SANTIAGO DEL ESTERO Y PIEDRABUENA - 985,11-4219-0518,,especial506altebrown@abc.gob.ar,Estatal,Oficial,ESCUELA DE EDUCACIÓN ESPECIAL,CONURBANO,Urbano,0,Oficial,SEDE,Primera,Dirección de Educación Especial,600400564,Inicial 2026,246,174,72,0,"""DOBLE ESCOLARIDAD"",MAÑANA,TARDE",601672,0,506,-34.782253517584635,-58.354155279940095
06028,Almirante Brown,455,"ESCUELA ESPECIAL Nº507 ""PROFESOR GERMAN ARIAS DUVAL""",Región 5,0004EE0507,60155600,Educación Especial,Formación Integral,PRESIDENTE PERÓN (EX GORRITI) - 846,11-4293-5932,23629,especial507altebrown@abc.gob.ar,Estatal,Oficial,ESCUELA DE EDUCACIÓN ESPECIAL,CONURBANO,Urbano,0,Oficial,SEDE,Primera,Dirección de Educación Especial,600400572,Inicial 2026,91,48,43,0,"""DOBLE ESCOLARIDAD"",MAÑANA,TARDE",601556,0,507,-34.81203877897247,-58.38518538108872
06028,Almirante Brown,455,"ESCUELA ESPECIAL Nº507 ""PROFESOR GERMAN ARIAS DUVAL""",Región 5,0004EE0507,60155600,Educación Especial,Nivel Primario,PRESIDENTE PERÓN (EX GORRITI) - 846,11-4293-5932,23629,especial507altebrown@abc.gob.ar,Estatal,Oficial,ESCUELA DE EDUCACIÓN ESPECIAL,CONURBANO,Urbano,0,Oficial,SEDE,Primera,Dirección de Educación Especial,600400572,Inicial 2026,190,131,59,0,"""DOBLE ESCOLARIDAD"",MAÑANA,TARDE",601556,0,507,-34.81203877897247,-58.38518538108872
06028,Almirante Brown,455,"ESCUELA ESPECIAL Nº507 ""PROFESOR GERMAN ARIAS DUVAL""",Región 5,0004EE0507,60155600,Educación Especial,Nivel Inicial,PRESIDENTE PERÓN (EX GORRITI) - 846,11-4293-5932,23629,especial507altebrown@abc.gob.ar,Estatal,Oficial,ESCUELA DE EDUCACIÓN ESPECIAL,CONURBANO,Urbano,0,Oficial,SEDE,Primera,Dirección de Educación Especial,600400572,Inicial 2026,33,19,14,0,"""DOBLE ESCOLARIDAD"",MAÑANA,TARDE",601556,0,507,-34.81203877897247,-58.38518538108872
06028,Almirante Brown,456,"ESCUELA ESPECIAL Nº508 ""HARRY JENNINGS""",Región 5,0004EE0508,60728700,Educación Especial,Nivel Primario,PRESIDENTE PERÓN - 816,11-4293-5648,69968,especial508altebrown@abc.gob.ar,Estatal,Oficial,ESCUELA DE EDUCACIÓN ESPECIAL,CONURBANO,Urbano,0,Oficial,SEDE,Primera,Dirección de Educación Especial,600400586,Inicial 2026,221,141,80,0,"MAÑANA,TARDE",607287,0,508,-34.812376397149805,-58.385663050633305
06028,Almirante Brown,456,"ESCUELA ESPECIAL Nº508 ""HARRY JENNINGS""",Región 5,0004EE0508,60728700,Educación Especial,Formación Integral,PRESIDENTE PERÓN - 816,11-4293-5648,69968,especial508altebrown@abc.gob.ar,Estatal,Oficial,ESCUELA DE EDUCACIÓN ESPECIAL,CONURBANO,Urbano,0,Oficial,SEDE,Primera,Dirección de Educación Especial,600400586,Inicial 2026,32,21,11,0,"MAÑANA,TARDE",607287,0,508,-34.812376397149805,-58.385663050633305
06028,Almirante Brown,456,"ESCUELA ESPECIAL Nº508 ""HARRY JENNINGS""",Región 5,0004EE0508,60728700,Educación Especial,Nivel Inicial,PRESIDENTE PERÓN - 816,11-4293-5648,69968,especial508altebrown@abc.gob.ar,Estatal,Oficial,ESCUELA DE EDUCACIÓN ESPECIAL,CONURBANO,Urbano,0,Oficial,SEDE,Primera,Dirección de Educación Especial,600400586,Inicial 2026,28,19,9,0,"MAÑANA,TARDE",607287,0,508,-34.812376397149805,-58.385663050633305
06028,Almirante Brown,458,"CENTRO DE FORMACIÓN INTEGRAL Nº1 ""3 DE JUNIO, DÍA DEL APRENDÍZ""",Región 5,0004EL0001,61499500,Educación Especial,"Residencia Laboral,Pasantías, Artística",EREZCANO - 1262,-,68713,cfl1altebrown@abc.gob.ar,Estatal,Oficial,CENTRO DE FORMACIÓN INTEGRAL,CONURBANO,Urbano,0,Oficial,SEDE,Primera,Dirección de Educación Especial,600400593,Inicial 2026,15,15,0,0,"""DOBLE ESCOLARIDAD""",614995,0,1,-34.79974885402534,-58.37761831513113
06028,Almirante Brown,458,"CENTRO DE FORMACIÓN INTEGRAL Nº1 ""3 DE JUNIO, DÍA DEL APRENDÍZ""",Región 5,0004EL0001,61499500,Educación Especial,Formación Profesional,EREZCANO - 1262,-,68713,cfl1altebrown@abc.gob.ar,Estatal,Oficial,CENTRO DE FORMACIÓN INTEGRAL,CONURBANO,Urbano,0,Oficial,SEDE,Primera,Dirección de Educación Especial,600400593,Inicial 2026,14,14,0,0,"""DOBLE ESCOLARIDAD""",614995,0,1,-34.79974885402534,-58.37761831513113
06028,Almirante Brown,458,"CENTRO DE FORMACIÓN INTEGRAL Nº1 ""3 DE JUNIO, DÍA DEL APRENDÍZ""",Región 5,0004EL0001,61499500,Educación Especial,Formación Integral,EREZCANO - 1262,-,68713,cfl1altebrown@abc.gob.ar,Estatal,Oficial,CENTRO DE FORMACIÓN INTEGRAL,CONURBANO,Urbano,0,Oficial,SEDE,Primera,Dirección de Educación Especial,600400593,Inicial 2026,262,190,72,0,"""DOBLE ESCOLARIDAD""",614995,0,1,-34.79974885402534,-58.37761831513113
06028,Almirante Brown,459,"CENTRO DE EDUCACIÓN FÍSICA Nº 56 ""MIGUEL SANCHEZ""",Región 5,0004FC0056,61624800,Educación Física,Educación Física (C.E.F.),RÍO FUTALEUFÚ - 499,11-4268-2151,23700,cef56altebrown@abc.gob.ar,Estatal,Oficial,CENTRO DE EDUCACIÓN FÍSICA,CONURBANO,Urbano,1,Oficial,SEDE,Primera,Dirección de Educación Física,600400615,Inicial 2026,2353,868,1485,90,"ALTERNADO,MAÑANA,TARDE,VESPERTINO",616248,0,56,-34.81634993994864,-58.34903540082452
06028,Almirante Brown,461,INSTITUTO SUPERIOR DE FORMACIÓN DOCENTE N° 41,Región 5,0004IS0041,60657600,Educación Común,Nivel Superior,OBISPO J. E. COLOMBRÉS - 1707,11-4294-2143,,isfdyt41altebrown@abc.gob.ar,Estatal,Oficial,INSTITUTO SUPERIOR DE FORMACIÓN DOCENTE Y TÉCNICA,CONURBANO,Urbano,0,Oficial,SEDE,Primera,Dirección Provincial de Educación Superior,600403205,Inicial 2026,2493,947,1546,53,"MAÑANA,TARDE,VESPERTINO",606576,0,41,-34.81302372251713,-58.39030187526419
06028,Almirante Brown,462,"INSTITUTO SUPERIOR DE FORMACIÓN DOCENTE Y TÉCNICA N° 53 ""MARÍA ESTHER TOMMASI""",Región 5,0004IS0053,60807100,Educación Común,Nivel Superior,RAÚL SOLDI - 268,2224-42-3339,68696,instituto53@gmail.com,Estatal,Oficial,INSTITUTO SUPERIOR DE FORMACIÓN DOCENTE Y TÉCNICA,CONURBANO,Urbano,0,Oficial,SEDE,Primera,Dirección Provincial de Educación Superior,600400643,Inicial 2026,2262,263,1999,46,"MAÑANA,TARDE,VESPERTINO",608071,0,53,-34.89010587948169,-58.384355819163794
06028,Almirante Brown,464,"JARDÍN DE INFANTES Nº901 ""SAN GABRIEL""",Región 5,0004JI0901,60759600,Educación Común,Nivel Inicial,BYNNON E/ AV.ESPORA Y DRUMOND - 1489,11-4294-6215,23611,sangabriel901@yahoo.com.ar,Estatal,Oficial,JARDÍN DE INFANTES,CONURBANO,Urbano,0,Oficial,SEDE,Primera,Dirección Provincial de Educación Inicial,600400658,Inicial 2026,246,129,117,14,"MAÑANA,TARDE",607596,0,901,-34.79661724007596,-58.38726353491938
06028,Almirante Brown,465,"JARDÍN DE INFANTES Nº902 ""RICARDO GUTIERREZ""",Región 5,0004JI0902,60078400,Educación Común,Nivel Inicial,ALSINA E/ AMENEDO Y 30 DE SEPTIEMBRE - 110,11-4294-0383,?,jardin902altebrown@abc.gob.ar,Estatal,Oficial,JARDÍN DE INFANTES,CONURBANO,Urbano,0,Oficial,SEDE,Primera,Dirección Provincial de Educación Inicial,600400662,Inicial 2026,197,99,98,10,"MAÑANA,TARDE",600784,0,902,-34.796542906728774,-58.403720837145066
06028,Almirante Brown,466,"JARDÍN DE INFANTES Nº903 ""CECILIA BORJA""",Región 5,0004JI0903,61085400,Educación Común,Nivel Inicial,CARLOS DIEHL E/ BORGUARDT Y O. LAGOS - 1236,11-4233-1044,34001,jardin_903@hotmail.com,Estatal,Oficial,JARDÍN DE INFANTES,CONURBANO,Urbano,0,Oficial,SEDE,Primera,Dirección Provincial de Educación Inicial,600400670,Inicial 2026,150,71,79,6,"MAÑANA,TARDE",610854,0,903,-34.86099777462656,-58.38397069528942
06028,Almirante Brown,467,"JARDÍN DE INFANTES Nº904 ""ROSARIO V. PEÑALOZA""",Región 5,0004JI0904,60155700,Educación Común,Nivel Inicial,SUIPACHA ESQ. QUIROGA - 2702,2224-50-3085,69903,jardin904altebrown@abc.gob.ar,Estatal,Oficial,JARDÍN DE INFANTES,CONURBANO,Urbano,0,Oficial,SEDE,Primera,Dirección Provincial de Educación Inicial,600400689,Inicial 2026,236,121,115,12,"MAÑANA,TARDE",601557,0,904,-34.88098959219491,-58.39335940790842
06028,Almirante Brown,468,"JARDÍN DE INFANTES Nº905 ""GRUMETE EDUARDO PRICE""",Región 5,0004JI0905,60181700,Educación Común,Nivel Inicial,MOLINA - 750,11-4219-5789,,jardin905altebrown@abc.gob.ar,Estatal,Oficial,JARDÍN DE INFANTES,CONURBANO,Urbano,1,Oficial,SEDE,Primera,Dirección Provincial de Educación Inicial,600400691,Inicial 2026,269,160,109,12,"MAÑANA,TARDE",601817,0,905,-34.78476412436374,-58.3641668720015
06028,Almirante Brown,469,"JARDÍN DE INFANTES Nº906 ""MARINA MARGARITA RAVIOLI""",Región 5,0004JI0906,60079900,Educación Común,Nivel Inicial,BOUCHARD E/RODRIGUEZ Y ALSINA - 456,11-4219-5099,69168,906perejil@gmail.com,Estatal,Oficial,JARDÍN DE INFANTES,CONURBANO,Urbano,0,Oficial,SEDE,Primera,Dirección Provincial de Educación Inicial,600400708,Inicial 2026,159,78,81,10,"MAÑANA,TARDE",600799,0,906,-34.807840926816304,-58.39478515620808
06028,Almirante Brown,470,"JARDÍN DE INFANTES Nº907  ""MANUEL BELGRANO""",Región 5,0004JI0907,60171700,Educación Común,Nivel Inicial,PRESIDENTE PERÓN Y RODRIGUEZ - 3511,11-4-1214-7588,69212,jardin907altebrown@abc.gob.ar,Estatal,Oficial,JARDÍN DE INFANTES,CONURBANO,Urbano,0,Oficial,SEDE,Primera,Dirección Provincial de Educación Inicial,600400712,Inicial 2026,96,50,46,8,"""DOBLE ESCOLARIDAD"",MAÑANA,TARDE",601717,0,907,-34.81476371637143,-58.39119778484798
06028,Almirante Brown,471,"JARDÍN DE INFANTES Nº908 ""ALMAFUERTE""",Región 5,0004JI0908,60082800,Educación Común,Nivel Inicial,JUAN MANUEL ESTRADA - 175,11-4294-2752,68813,jardin908altebrown@abc.gob.ar,Estatal,Oficial,JARDÍN DE INFANTES,CONURBANO,Urbano,0,Oficial,SEDE,Primera,Dirección Provincial de Educación Inicial,600400720,Inicial 2026,102,56,46,8,"MAÑANA,TARDE",600828,0,908,-34.792365883177986,-58.39430177690356
06028,Almirante Brown,472,"JARDÍN DE INFANTES Nº909 ""PARQUE ROMA""",Región 5,0004JI0909,60670100,Educación Común,Nivel Inicial,FRANCISCO BEIRO ESQ. SAN MARTÍN - S/N,2224-43-0358,23642,jardin909altebrown@abc.gob.ar,Estatal,Oficial,JARDÍN DE INFANTES,CONURBANO,Urbano,0,Oficial,SEDE,Primera,Dirección Provincial de Educación Inicial,600400731,Inicial 2026,220,117,103,12,"MAÑANA,TARDE",606701,0,909,-34.89678618539668,-58.396380826911575
06028,Almirante Brown,473,"JARDÍN DE INFANTES Nº910 ""CARLOS TRINIDAD""",Región 5,0004JI0910,60135000,Educación Común,Nivel Inicial,CAPITAN ALMONACI E/ LAMBERTI Y MENDEZ - 99,222-43-8061,,jardin910glew@live.com.ar,Estatal,Oficial,JARDÍN DE INFANTES,CONURBANO,Urbano,0,Oficial,SEDE,Primera,Dirección Provincial de Educación Inicial,600400749,Inicial 2026,159,86,73,8,"MAÑANA,TARDE",601350,0,910,-34.88765562080919,-58.37661613042807
06028,Almirante Brown,474,"JARDÍN DE INFANTES Nº911 ""CIUDAD DE BUENOS AIRES""",Región 5,0004JI0911,60699900,Educación Común,Nivel Inicial,AV. PRINCIPAL E/ 5 Y 9 - S/N,11-4268-0534,69214,jardin911altebrown@abc.gob.ar,Estatal,Oficial,JARDÍN DE INFANTES,CONURBANO,Urbano,1,Oficial,SEDE,Primera,Dirección Provincial de Educación Inicial,600400615,Inicial 2026,165,86,79,10,"MAÑANA,TARDE",606999,0,911,-34.81647508901988,-58.349458804655704
06028,Almirante Brown,475,"JARDÍN DE INFANTES Nº912 ""JESUS MARTINA REY DE VILLAMIL""",Región 5,0004JI0912,60649100,Educación Común,Nivel Inicial,9 DE JULIO E/ BALCARCE Y JACINTO CALVO - 2673,11-4299-9658,,jardfin912altebrown@abc.gob.ar,Estatal,Oficial,JARDÍN DE INFANTES,CONURBANO,Urbano,0,Oficial,SEDE,Primera,Dirección Provincial de Educación Inicial,600400754,Inicial 2026,183,89,94,9,"""DOBLE ESCOLARIDAD"",MAÑANA,TARDE",606491,0,912,-34.809502732159615,-58.368848844389184
06028,Almirante Brown,476,"JARDÍN DE INFANTES Nº913 ""LOLA MORA""",Región 5,0004JI0913,60138300,Educación Común,Nivel Inicial,AV. PRINCIPAL E/ RIO TUPUNGATO Y RIO COLORADO - S/N,11-4268-1475,68684,jardin913lolamora@hotmail.com,Estatal,Oficial,JARDÍN DE INFANTES,CONURBANO,Urbano,1,Oficial,SEDE,Primera,Dirección Provincial de Educación Inicial,600400765,Inicial 2026,208,103,105,10,"MAÑANA,TARDE",601383,0,913,-34.81932770740663,-58.346130967467964
06028,Almirante Brown,477,"JARDÍN DE INFANTES N° 914 ""GENERAL  JOSÉ DE SAN MARTÍN""",Región 5,0004JI0914,60135100,Educación Común,Nivel Inicial,PROVINCIA DE SANTA FÉ - 600,-,,jardin914altebrown@abc.gob.ar,Estatal,Oficial,JARDÍN DE INFANTES,CONURBANO,Urbano,1,Oficial,SEDE,Primera,Dirección Provincial de Educación Inicial,600400777,Inicial 2026,208,112,96,10,"MAÑANA,TARDE",601351,0,914,-34.87164048392011,-58.36743411708879
06028,Almirante Brown,478,"JARDÍN DE INFANTES Nº 915 ""MAR ARGENTINO""",Región 5,0004JI0915,60188000,Educación Común,Nivel Inicial,AVDA. EVA PERÓN E/ 6 Y 33 MZA.45 - S/N,11-4268-9354,69199,jardin915altebrown@abc.gob.ar,Estatal,Oficial,JARDÍN DE INFANTES,CONURBANO,Urbano,1,Oficial,SEDE,Primera,Dirección Provincial de Educación Inicial,600400783,Inicial 2026,176,97,79,8,"MAÑANA,TARDE",601880,0,915,-34.81085253989725,-58.33418076987465
06028,Almirante Brown,479,"JARDÍN DE INFANTES Nº 916 ""JULIA OBLIGADO""",Región 5,0004JI0916,60438300,Educación Común,Nivel Inicial,ROTO